Book Id,Title,Author,Author l-f,Additional Authors,ISBN,ISBN13,My Rating,Average Rating,Publisher,Binding,Number of Pages,Year Published,Original Publication Year,Date Read,Date Added,Bookshelves,Bookshelves with positions,Exclusive Shelf,My Review,Spoiler,Private Notes,Read Count,Recommended For,Recommended By,Owned Copies,Original Purchase Date,Original Purchase Location,Condition,Condition Description,BCID
28686837,A Gambler's Anatomy,Jonathan Lethem,"Lethem, Jonathan",,"=""0385539908""","=""9780385539906""",2,3.17,Doubleday Books,Hardcover,304,2016,2016,,2017/12/14,,,read,,,,1,,,0,,,,,
168668,"Catch-22 (Catch-22, #1)",Joseph Heller,"Heller, Joseph",,"=""0684833395""","=""9780684833392""",5,3.98,Simon & Schuster ,Paperback,453,2004,1961,,2020/02/02,,,read,,,,1,,,0,,,,,
30319086,If We Were Villains,M.L. Rio,"Rio, M.L.",,"=""125009528X""","=""9781250095282""",4,4.08,Flatiron Books,Hardcover,368,2017,2017,2019/05/12,2019/05/01,,,read,,,,1,,,0,,,,,
32333322,Love & Gelato,Jenna Evans Welch,"Welch, Jenna Evans",,"=""1481432559""","=""9781481432559""",0,4.11,Simon Pulse,Paperback,400,2017,2016,,2020/02/02,to-read,to-read (#47),to-read,,,,0,,,0,,,,,
8573020,The Weird Sisters,Eleanor Brown,"Brown, Eleanor",,"=""0399157220""","=""9780399157226""",3,3.36,Amy Einhorn Books/Putnam,Hardcover,320,2011,2011,,2020/02/02,,,read,,,,1,,,0,,,,,
50536101,The Yellow Wall-Paper: A Graphic Novel,Sara Barkat,"Barkat, Sara",Charlotte Perkins Gilman,"=""""","=""9781943120390""",0,4.88,,Paperback,114,2020,,,2020/02/02,to-read,to-read (#46),to-read,,,,0,,,0,,,,,
50185600,Apeirogon,Colum McCann,"McCann, Colum",,"=""1400069602""","=""9781400069606""",0,4.10,Random House,Hardcover,480,2020,2020,,2020/01/31,to-read,to-read (#45),to-read,,,,0,,,0,,,,,
25229229,Thirteen Ways of Looking,Colum McCann,"McCann, Colum",,"=""1443446254""","=""9781443446259""",4,3.97,HarperCollins Publishers,Hardcover,256,2015,2015,,2020/01/31,,,read,,,,1,,,0,,,,,
13503109,This Is How You Lose Her,Junot Díaz,"Díaz, Junot",,"=""1594487367""","=""9781594487361""",4,3.75,Riverhead Books,Hardcover,217,2012,2010,,2020/01/31,,,read,,,,1,,,0,,,,,
45754981,The Glass Hotel,Emily St. John Mandel,"Mandel, Emily St. John",,"=""0525521143""","=""9780525521143""",0,4.09,Knopf Publishing Group,Hardcover,320,2020,2020,,2020/01/31,to-read,to-read (#44),to-read,,,,0,,,0,,,,,
43822062,The World That We Knew,Alice Hoffman,"Hoffman, Alice",,"=""1501137573""","=""9781501137570""",0,4.25,Simon & Schuster,Hardcover,372,2019,2019,,2020/01/31,to-read,to-read (#43),to-read,,,,0,,,0,,,,,
38322550,"The Last Emperox (The Interdependency, #3)",John Scalzi,"Scalzi, John",Wil Wheaton,"=""""","=""""",0,4.42,Audible Studios,Audible Audio,9,2020,2020,,2020/01/31,to-read,to-read (#42),to-read,,,,0,,,0,,,,,
45992717,"The Mirror & the Light (Thomas Cromwell, #3)",Hilary Mantel,"Mantel, Hilary",,"=""0805096604""","=""9780805096606""",0,3.92,Henry Holt and Co.,Hardcover,784,2020,2020,,2020/01/31,to-read,to-read (#41),to-read,,,,0,,,0,,,,,
43890641,Hamnet,Maggie O'Farrell,"O'Farrell, Maggie",,"=""1472223799""","=""9781472223791""",0,4.54,Tinder Press,Hardcover,352,2020,2020,,2020/01/31,to-read,to-read (#40),to-read,,,,0,,,0,,,,,
39507318,The Library Book,Susan Orlean,"Orlean, Susan",,"=""1476740186""","=""9781476740188""",0,3.94,Simon & Schuster,Hardcover,317,2018,2018,,2020/01/27,to-read,to-read (#39),to-read,,,,0,,,0,,,,,
43352954,This Is How You Lose the Time War,Amal El-Mohtar,"El-Mohtar, Amal",Max Gladstone,"=""""","=""""",0,4.05,Saga Press,Kindle Edition,209,2019,2019,,2019/12/13,to-read,to-read (#36),to-read,,,,0,,,0,,,,,
16130537,The Humans,Matt Haig,"Haig, Matt",,"=""1476727910""","=""9781476727912""",5,4.09,Simon  Schuster,Hardcover,285,2013,2013,,2017/10/30,favorites,favorites (#3),read,,,,2,,,0,,,,,
7307795,"Started Early, Took My Dog (Jackson Brodie, #4)",Kate Atkinson,"Atkinson, Kate",,"=""0385608020""","=""9780385608022""",4,3.91,Doubleday & Co Inc.,Hardcover,350,2010,2010,,2012/04/13,,,read,,,,2,,,0,,,,,
3289281,"When Will There Be Good News? (Jackson Brodie, #3)",Kate Atkinson,"Atkinson, Kate",,"=""0316154857""","=""9780316154857""",5,3.99,"Little, Brown and Company",Hardcover,400,2008,2008,,2012/04/13,,,read,,,,3,,,0,,,,,
217071,The New Yorkers,Cathleen Schine,"Schine, Cathleen",Leanne Shapton,"=""0374221839""","=""9780374221836""",4,3.29,"Farrar, Straus and Giroux",Hardcover,304,2007,2007,,2017/12/14,,,read,,,,2,,,0,,,,,
1914973,"The Likeness (Dublin Murder Squad, #2)",Tana French,"French, Tana",,"=""0670018864""","=""9780670018864""",5,4.06,Viking Adult,Hardcover,466,2008,2008,,2017/11/29,favorites,favorites (#49),read,,,,2,,,0,,,,,
15790842,"Life After Life (Todd Family, #1)",Kate Atkinson,"Atkinson, Kate",,"=""0316176486""","=""9780316176484""",5,3.76,Reagan Arthur Books,Hardcover,531,2013,2013,2019/11/01,2013/02/12,favorites,favorites (#7),read,,,,2,,,0,,,,,
43263680,"Ninth House (Alex Stern, #1)",Leigh Bardugo,"Bardugo, Leigh",,"=""1250313074""","=""9781250313072""",5,4.13,Flatiron Books,Hardcover,459,2019,2019,2019/12/27,2019/10/19,,,read,,,,1,,,0,,,,,
38140077,Washington Black,Esi Edugyan,"Edugyan, Esi",,"=""0525521429""","=""9780525521426""",0,3.99,Knopf Publishing Group,Hardcover,334,2018,2018,,2019/12/26,to-read,to-read (#38),to-read,,,,0,,,0,,,,,
39735213,The Body in Question,Jill Ciment,"Ciment, Jill",Hillary Huber,"=""""","=""""",3,3.64,Random House Audio,Audiobook,,2019,2019,2019/12/18,2019/06/14,,,read,,,,1,,,0,,,,,
43608928,Grand Union: Stories,Zadie Smith,"Smith, Zadie",,"=""0525558993""","=""9780525558996""",0,3.26,Penguin Press,Hardcover,246,2019,2019,,2019/12/13,to-read,to-read (#37),to-read,,,,0,,,0,,,,,
42977510,Rabbits for Food,Binnie Kirshenbaum,"Kirshenbaum, Binnie",,"=""1641290536""","=""9781641290531""",0,3.66,Soho Press,Hardcover,384,2019,2019,,2019/12/13,to-read,to-read (#35),to-read,,,,0,,,0,,,,,
42839296,Hollow Kingdom,Kira Jane Buxton,"Buxton, Kira Jane",,"=""1538745828""","=""9781538745823""",0,3.92,Grand Central Publishing,Hardcover,308,2019,2019,,2019/12/13,to-read,to-read (#34),to-read,,,,0,,,0,,,,,
6415806,Heroic Measures,Jill Ciment,"Ciment, Jill",,"=""0375425225""","=""9780375425226""",3,3.56,Pantheon,Hardcover,193,2009,2009,2019/12/09,2019/06/26,,,read,,,,1,,,0,,,,,
41880602,Fleishman Is in Trouble,Taffy Brodesser-Akner,"Brodesser-Akner, Taffy",,"=""0525510877""","=""9780525510871""",4,3.74,Random House,Hardcover,373,2019,2019,2019/12/12,2019/12/04,,,read,,,,1,,,0,,,,,
43684727,The Grammarians,Cathleen Schine,"Schine, Cathleen",,"=""125024174X""","=""9781250241740""",5,3.64,MacMillan Audio,Audio CD,,2019,2019,2019/11/27,2019/08/15,favorites,favorites (#50),read,,,,1,,,0,,,,,
42046112,Recursion,Blake Crouch,"Crouch, Blake",,"=""1524759783""","=""9781524759780""",4,4.20,Crown Publishing Group (NY),Hardcover,336,2019,2019,2019/12/03,2019/06/10,,,read,,,,1,,,0,,,,,
42975172,"The Testaments (The Handmaid's Tale, #2)",Margaret Atwood,"Atwood, Margaret",,"=""0385543786""","=""9780385543781""",5,4.23,Nan A. Talese,Hardcover,422,2019,2019,2019/11/25,2019/09/04,,,read,,,,1,,,0,,,,,
129117,"The Spellman Files (The Spellmans, #1)",Lisa Lutz,"Lutz, Lisa",,"=""0743571355""","=""9780743571357""",4,3.88,Recorded Books,Audio CD,6,2008,2007,2019/11/14,2019/11/14,,,read,,,,1,,,0,,,,,
43798285,The Institute,Stephen King,"King, Stephen",,"=""1982110562""","=""9781982110567""",4,4.22,Scribner,Hardcover,561,2019,2019,2019/10/21,2019/08/15,,,read,,,,1,,,0,,,,,
42080142,The Turn of the Key,Ruth Ware,"Ware, Ruth",,"=""1501188771""","=""9781501188770""",3,3.97,Gallery/Scout Press,Hardcover,337,2019,2019,2019/08/22,2019/08/20,,,read,"This is another one which I really enjoyed reading it (couldn't put it down), but I must awknowledge that the writing is less then fabulous.  Perfect for beaches or vacations, but probably not right before bed - it's pretty damn creepy!",,,1,,,0,,,,,
31817749,"The Stone Sky (The Broken Earth, #3)",N.K. Jemisin,"Jemisin, N.K.",,"=""""","=""""",0,4.35,Orbit,Paperback,416,2017,2017,,2019/11/04,to-read,to-read (#33),to-read,,,,0,,,0,,,,,
26228034,"The Obelisk Gate (The Broken Earth, #2)",N.K. Jemisin,"Jemisin, N.K.",,"=""""","=""""",0,4.32,Orbit,Paperback,410,2016,2016,,2019/11/04,to-read,to-read (#32),to-read,,,,0,,,0,,,,,
19161852,"The Fifth Season (The Broken Earth, #1)",N.K. Jemisin,"Jemisin, N.K.",,"=""""","=""""",4,4.30,Orbit,Paperback,468,2015,2015,2019/11/04,2019/08/23,,,read,,,,1,,,0,,,,,
35480518,The Female Persuasion,Meg Wolitzer,"Wolitzer, Meg",,"=""1594488401""","=""9781594488405""",3,3.59,Riverhead Books,Hardcover,454,2018,2018,,2018/09/08,,,read,,,,1,,,0,,,,,
43811212,Quichotte,Salman Rushdie,"Rushdie, Salman",,"=""178733192X""","=""9781787331921""",0,3.88,Jonathan Cape,Paperback,393,2019,2019,,2019/10/21,currently-reading,currently-reading (#1),currently-reading,,,,1,,,0,,,,,
13507212,"Bring Up the Bodies (Thomas Cromwell, #2)",Hilary Mantel,"Mantel, Hilary",,"=""""","=""""",4,4.28,"Henry Holt & Company, Inc.",Hardcover,412,2012,2012,2019/10/05,2019/01/16,,,read,,,,1,,,0,,,,,
30090925,The Animators,Kayla Rae Whitaker,"Whitaker, Kayla Rae",,"=""0812989287""","=""9780812989281""",0,3.97,Random House,Hardcover,369,2017,2017,,2019/09/27,to-read,to-read (#31),to-read,,,,0,,,0,,,,,
23359964,One Plus One,Jojo Moyes,"Moyes, Jojo",,"=""0143127500""","=""9780143127505""",0,3.95,Penguin Books,Paperback,368,2015,2014,,2019/09/25,to-read,to-read (#30),to-read,,,,0,,,0,,,,,
35959740,Circe,Madeline Miller,"Miller, Madeline",,"=""0316556343""","=""9780316556347""",3,4.28,"Little, Brown and Company",Hardcover,393,2018,2018,2019/09/25,2019/08/22,,,read,,,,1,,,0,,,,,
13497818,The Casual Vacancy,J.K. Rowling,"Rowling, J.K.",,"=""0316228532""","=""9780316228534""",3,3.30,"Little, Brown and Company",Hardcover,503,2012,2012,,2019/09/24,,,read,,,,1,,,0,,,,,
29056083,"Harry Potter and the Cursed Child: Parts One and Two (Harry Potter, #8)",John Tiffany,"Tiffany, John","Jack Thorne, J.K. Rowling","=""0751565350""","=""9780751565355""",4,3.65,"Little, Brown",Hardcover,343,2016,2016,,2019/09/24,,,read,,,,1,,,0,,,,,
3077,The Enchanted April,Elizabeth von Arnim,"Arnim, Elizabeth von",,"=""""","=""""",4,3.94,Waking Lion Press,Paperback,232,2008,1922,,2019/09/22,,,read,,,,1,,,0,,,,,
89717,The Haunting of Hill House,Shirley Jackson,"Jackson, Shirley",Laura   Miller,"=""0143039989""","=""9780143039983""",3,3.85,Penguin Classics,Paperback,182,2006,1959,,2019/09/22,,,read,,,,1,,,0,,,,,
18166863,And the Dark Sacred Night,Julia Glass,"Glass, Julia",,"=""0307377938""","=""9780307377937""",3,3.54,Pantheon,Hardcover,379,2014,2014,,2019/09/22,,,read,,,,1,,,0,,,,,
12981174,"Talulla Rising (The Last Werewolf, #2)",Glen Duncan,"Duncan, Glen",,"=""0307595099""","=""9780307595096""",3,3.77,Knopf,Hardcover,368,2012,2012,,2019/09/22,,,read,,,,1,,,0,,,,,
40651862,The Last Werewolf (The Last Werewolf #1),Glen Duncan,"Duncan, Glen",,"=""""","=""""",4,3.47,Vintage,Kindle Edition,353,2011,2011,,2019/09/22,,,read,,,,1,,,0,,,,,
659388,Nobody's Fool,Richard Russo,"Russo, Richard",,"=""0679753338""","=""9780679753339""",0,4.11,Vintage,Paperback,549,1994,1993,,2019/09/22,to-read,to-read (#29),to-read,,,,0,,,0,,,,,
18218954,"Love, Nina: Despatches from Family Life",Nina Stibbe,"Stibbe, Nina",,"=""0670922765""","=""9780670922765""",0,3.61,Penguin Books,Hardcover,336,2013,2013,,2019/09/22,to-read,to-read (#28),to-read,,,,0,,,0,,,,,
42779061,Reasons to Be Cheerful,Nina Stibbe,"Stibbe, Nina",,"=""0316309370""","=""9780316309370""",4,3.64,"Little, Brown and Company",Hardcover,288,2019,2019,2019/09/22,2019/05/18,,,read,,,,1,,,0,,,,,
42379022,The Bookish Life of Nina Hill,Abbi Waxman,"Waxman, Abbi",,"=""""","=""""",0,3.86,Berkley,Kindle Edition,352,2019,2019,,2019/09/20,to-read,to-read (#27),to-read,,,,0,,,0,,,,,
45304101,The Great Believers,Rebecca Makkai,"Makkai, Rebecca",,"=""073522353X""","=""9780735223530""",4,4.20,Penguin Books,Paperback,448,2019,2018,2019/09/17,2019/05/14,,,read,,,,1,,,0,,,,,
36373481,The Death of Mrs. Westaway,Ruth Ware,"Ware, Ruth",,"=""1501156217""","=""9781501156212""",0,3.81,Scout Press,Hardcover,368,2018,2018,,2019/09/07,to-read,to-read (#26),to-read,,,,0,,,0,,,,,
9361589,The Night Circus,Erin Morgenstern,"Morgenstern, Erin",,"=""0385534639""","=""9780385534635""",0,4.04,Doubleday,Hardcover,391,2011,2011,,2019/09/05,to-read,to-read (#25),to-read,,,,0,,,0,,,,,
34037113,"The Rules of Magic (Practical Magic, #0)",Alice Hoffman,"Hoffman, Alice",,"=""""","=""""",4,3.96,Simon & Schuster,Kindle Edition,369,2017,2017,2019/09/05,2019/08/26,,,read,,,,1,,,0,,,,,
39280445,Nine Perfect Strangers,Liane Moriarty,"Moriarty, Liane",,"=""1250069823""","=""9781250069825""",2,3.50,Flatiron Books,Hardcover,453,2018,2018,,2019/01/16,,,read,,,,1,,,0,,,,,
36739942,Lake Success,Gary Shteyngart,"Shteyngart, Gary",,"=""0812997417""","=""9780812997415""",2,3.61,Random House,Hardcover,339,2018,2018,,2018/10/17,,,read,,,,1,,,0,,,,,
31937362,The Italian Teacher,Tom Rachman,"Rachman, Tom",,"=""1786482576""","=""9781786482570""",2,3.65,Riverrun,Hardcover,336,2018,2018,,2019/05/12,,,read,,,,1,,,0,,,,,
36388243,Something in the Water,Catherine Steadman,"Steadman, Catherine",,"=""1524797189""","=""9781524797188""",1,3.60,Ballantine,Hardcover,342,2018,2018,,2018/09/08,,,read,,,,1,,,0,,,,,
39796904,My Lovely Wife,Samantha  Downing,"Downing, Samantha",,"=""""","=""""",1,3.91,Berkley Books,Hardcover,374,2019,2019,,2019/06/18,,,read,,,,1,,,0,,,,,
42135029,City of Girls,Elizabeth Gilbert,"Gilbert, Elizabeth",,"=""1594634734""","=""9781594634734""",0,4.06,Riverhead,Hardcover,470,2019,2019,,2019/06/14,to-read,to-read (#24),to-read,,,,0,,,0,,,,,
44318414,The Dutch House,Ann Patchett,"Patchett, Ann",,"=""0062963678""","=""9780062963673""",0,4.24,Harper,Hardcover,337,2019,2019,,2019/08/15,to-read,to-read (#23),to-read,,,,0,,,0,,,,,
246225,"Strong Poison (Lord Peter Wimsey, #6)",Dorothy L. Sayers,"Sayers, Dorothy L.",,"=""0060809086""","=""9780060809089""",4,4.14,HarperCollins Publishers,Paperback,240,1987,1930,2019/08/15,2019/08/01,,,read,,,,1,,,0,,,,,
43107933,"Big Sky (Jackson Brodie, #5)",Kate Atkinson,"Atkinson, Kate",,"=""""","=""""",5,3.98,Transworld Digital,Kindle Edition,352,2019,2019,2019/07/26,2019/04/30,,,read,,,,1,,,0,,,,,
17465453,The Signature of All Things,Elizabeth Gilbert,"Gilbert, Elizabeth",,"=""0670024856""","=""9780670024858""",3,3.84,Riverhead Books,Hardcover,501,2013,2013,2019/07/24,2019/06/14,,,read,,,,1,,,0,,,,,
12666103,A Face Like Glass,Frances Hardinge,"Hardinge, Frances",,"=""0230763502""","=""9780230763500""",0,4.18,Pan Macmillan Children's,Paperback,496,2012,2012,,2019/07/17,to-read,to-read (#22),to-read,,,,0,,,0,,,,,
15815333,The Interestings,Meg Wolitzer,"Wolitzer, Meg",,"=""1594488398""","=""9781594488399""",4,3.57,Riverhead Books,Hardcover,468,2013,2013,,2019/06/26,,,read,,,,1,,,0,,,,,
35133922,Educated,Tara Westover,"Westover, Tara",,"=""0399590501""","=""9780399590504""",5,4.48,Random House,Hardcover,334,2018,2018,2019/06/25,2019/01/16,,,read,,,,1,,,0,,,,,
3722183,"A God in Ruins (Todd Family, #2)",Kate Atkinson,"Atkinson, Kate",Khánh Vân,"=""0316176532""","=""9780316176538""",5,3.94,"Little, Brown and Company",Hardcover,468,2015,2015,,2017/10/30,,,read,,,,1,,,0,,,,,
23492589,"Finders Keepers (Bill Hodges Trilogy, #2)",Stephen King,"King, Stephen",,"=""1501100076""","=""9781501100079""",3,4.04,Scribner,Hardcover,434,2015,2015,,2017/10/30,,,read,,,,1,,,0,,,,,
774726,Look at Me,Jennifer Egan,"Egan, Jennifer",,"=""0385721358""","=""9780385721356""",3,3.40,Anchor,Paperback,417,2002,2001,,2012/04/13,,,read,,,,1,,,0,,,,,
24452249,Did You Ever Have a Family,Bill Clegg,"Clegg, Bill",,"=""1476798176""","=""9781476798172""",4,3.80,Scout Press,Hardcover,293,2015,2015,2019/05/15,2019/01/16,,,read,,,,1,,,0,,,,,
18465852,The Book of Unknown Americans,Cristina Henriquez,"Henriquez, Cristina",,"=""0385350848""","=""9780385350846""",3,3.88,Knopf,Hardcover,286,2014,2014,,2019/06/25,,,read,,,,1,,,0,,,,,
32187419,Conversations with Friends,Sally Rooney,"Rooney, Sally",,"=""""","=""""",4,3.81,Hogarth,Kindle Edition,304,2017,2017,2019/06/18,2019/03/27,,,read,,,,1,,,0,,,,,
41018628,"The Rosie Result (Don Tillman, #3)",Graeme Simsion,"Simsion, Graeme",,"=""1925773477""","=""9781925773477""",3,4.04,Text Publishing,Paperback,376,2019,2019,2019/06/18,2019/03/01,,,read,,,,1,,,0,,,,,
148584,"Elephants Can Remember (Hercule Poirot, #40)",Agatha Christie,"Christie, Agatha",,"=""0425067823""","=""9780425067826""",0,3.63,Berkley,Paperback,224,1984,1972,,2019/05/16,to-read,to-read (#21),to-read,,,,0,,,0,,,,,
12067,"Good Omens: The Nice and Accurate Prophecies of Agnes Nutter, Witch",Terry Pratchett,"Pratchett, Terry",Neil Gaiman,"=""""","=""""",4,4.25,William Morrow,Mass Market Paperback,491,2006,1990,,2017/11/29,,,read,,,,1,,,0,,,,,
37970853,The Paragon Hotel,Lyndsay Faye,"Faye, Lyndsay",,"=""0735210756""","=""9780735210752""",5,3.77,G.P. Putnam’s Sons,Hardcover,432,2019,2019,2019/05/28,2019/03/01,,,read,,,,1,,,0,,,,,
23215488,Speak,Louisa Hall,"Hall, Louisa",Suet Yee Chong,"=""0062391194""","=""9780062391193""",4,3.60,Ecco,Hardcover,336,2015,2015,2015/01/01,2019/05/15,,,read,,,,1,,,0,,,,,
25526965,"End of Watch (Bill Hodges Trilogy, #3)",Stephen King,"King, Stephen",,"=""1501129740""","=""9781501129742""",4,4.08,Scribner,Hardcover,432,2016,2016,,2017/10/30,,,read,,,,1,,,0,,,,,
6570431,"The Man in the Wooden Hat (Old Filth, #2)",Jane Gardam,"Gardam, Jane",,"=""1933372893""","=""9781933372891""",5,4.05,Europa Editions,Paperback,233,2009,2009,,2019/05/12,,,read,,,,1,,,0,,,,,
414824,Staying On,Paul Scott,"Scott, Paul",,"=""0099443198""","=""9780099443193""",3,3.89,Arrow,Paperback,256,1999,1977,,2019/05/12,,,read,,,,1,,,0,,,,,
1000724,The Towers of Silence,Paul Scott,"Scott, Paul",,"=""0226743438""","=""9780226743431""",4,4.29,University of Chicago Press,Paperback,399,1998,1971,,2019/05/12,,,read,,,,1,,,0,,,,,
1000718,The Day of the Scorpion,Paul Scott,"Scott, Paul",,"=""0226743411""","=""9780226743417""",4,4.30,University of Chicago Press,Paperback,493,1998,1968,,2019/05/12,,,read,,,,1,,,0,,,,,
146746,The Jewel in the Crown,Paul Scott,"Scott, Paul",,"=""0226743403""","=""9780226743400""",5,4.15,University of Chicago Press,Paperback,472,1998,1966,,2019/05/12,,,read,,,,1,,,0,,,,,
719382,A Division of the Spoils,Paul Scott,"Scott, Paul",,"=""0226743446""","=""9780226743448""",4,4.38,University of Chicago Press,Paperback,608,1998,1975,,2019/05/12,,,read,,,,1,,,0,,,,,
3591262,Cutting for Stone,Abraham   Verghese,"Verghese, Abraham",,"=""0375414495""","=""9780375414497""",4,4.29,Alfred A. Knopf,Hardcover,541,2009,2009,,2019/05/12,,,read,,,,1,,,0,,,,,
10898878,I Married You for Happiness,Lily Tuck,"Tuck, Lily",,"=""0802119913""","=""9780802119919""",3,3.25,"Atlantic Monthly Press Grove/Atlantic, Inc. - Grove/Atlantic, Inc. - Atlantic Monthly Press",Hardcover,208,2011,2011,,2019/05/12,,,read,,,,1,,,0,,,,,
9844,Prep : A Novel,Curtis Sittenfeld,"Sittenfeld, Curtis",,"=""081297235X""","=""9780812972351""",3,3.38,Random House Trade Paperbacks,Paperback,420,2005,2005,,2019/05/12,,,read,,,,1,,,0,,,,,
23848037,The Clasp,Sloane Crosley,"Crosley, Sloane",,"=""0374124418""","=""9780374124410""",4,3.01,"Farrar, Straus and Giroux",Hardcover,384,2015,2015,,2019/05/12,,,read,,,,1,,,0,,,,,
12401556,The Age of Miracles,Karen Thompson Walker,"Walker, Karen Thompson",,"=""0812983602""","=""9780812983609""",4,3.65,Random House,Paperback,294,2012,2012,,2019/05/12,,,read,,,,1,,,0,,,,,
19104786,The Rise & Fall of Great Powers,Tom Rachman,"Rachman, Tom",,"=""0679643656""","=""9780679643654""",4,3.65,The Dial Press,Hardcover,384,2014,2014,,2019/05/12,,,read,,,,1,,,0,,,,,
6834410,The Imperfectionists,Tom Rachman,"Rachman, Tom",,"=""0385343663""","=""9780385343664""",4,3.54,The Dial Press,Hardcover,272,2010,2010,,2019/05/12,,,read,,,,2,,,0,,,,,
33023729,Himself,Jess Kidd,"Kidd, Jess",,"=""1501166093""","=""9781501166099""",5,3.92,Atria Books,Paperback,384,2017,2017,2019/03/21,2019/01/16,,,read,,,,1,,,0,,,,,
2125922,The Mousetrap: A Play,Agatha Christie,"Christie, Agatha",,"=""0573619239""","=""9780573619236""",5,3.95,Samuel French Trade,Paperback,70,2010,1952,,2019/05/12,,,read,,,,1,,,0,,,,,
29430013,The Trespasser (Dublin Murder Squad #6),Tana French,"French, Tana",,"=""0670026336""","=""9780670026333""",5,3.96,Viking,Hardcover,449,2016,2016,,2019/05/10,,,read,,,,1,,,0,,,,,
33295248,Smile,Roddy Doyle,"Doyle, Roddy",,"=""1911214756""","=""9781911214755""",0,3.41,Jonathan Cape,Hardcover,224,2017,2017,,2019/05/09,to-read,to-read (#20),to-read,,,,0,,,0,,,,,
17262161,The Guts,Roddy Doyle,"Doyle, Roddy",,"=""0345808053""","=""9780345808059""",3,3.76,Knopf Canada,Hardcover,336,2013,2013,,2019/05/06,,,read,,,,1,,,0,,,,,
42718,A Star Called Henry,Roddy Doyle,"Doyle, Roddy",,"=""0099284480""","=""9780099284482""",4,3.83,Vintage,Paperback,342,2000,1999,,2019/05/06,,,read,,,,1,,,0,,,,,
4671,The Great Gatsby,F. Scott Fitzgerald,"Fitzgerald, F. Scott",Francis Scott Fitzgerald,"=""""","=""""",4,3.91,Scribner,Paperback,200,2004,1925,,2017/12/14,,,read,,,,1,,,0,,,,,
501124,"One Good Turn (Jackson Brodie, #2)",Kate Atkinson,"Atkinson, Kate",,"=""0316012823""","=""9780316012829""",5,3.80,Back Bay Books,Paperback,448,2007,2006,,2012/04/13,,,read,,,,1,,,0,,,,,
28942,Emotionally Weird,Kate Atkinson,"Atkinson, Kate",,"=""031227999X""","=""9780312279998""",3,3.45,Picador,Paperback,368,2001,2000,,2012/04/13,,,read,,,,1,,,0,,,,,
22544764,Uprooted,Naomi Novik,"Novik, Naomi",,"=""0804179034""","=""9780804179034""",5,4.09,Del Rey,Hardcover,435,2015,2015,,2018/09/08,favorites,favorites (#31),read,,,,1,,,0,,,,,
4137,Me Talk Pretty One Day,David Sedaris,"Sedaris, David",,"=""0349113912""","=""9780349113913""",4,3.98,"Little, Brown and Company",Paperback,272,2001,2000,,2019/05/02,,,read,,,,1,,,0,,,,,
2998,The Secret Garden,Frances Hodgson Burnett,"Burnett, Frances Hodgson",,"=""0517189607""","=""9780517189603""",5,4.13,Children's Classics,Hardcover,331,1998,1910,,2019/05/02,,,read,,,,1,,,0,,,,,
2156,Persuasion,Jane Austen,"Austen, Jane","Maurgaux Motin, Richard S. Hartmetz, Anna Massey, James Kinsley, Deidre Shauna Lynch","=""0192802631""","=""9780192802637""",5,4.14,Oxford University Press,Paperback,249,2004,1818,,2012/04/13,,,read,,,,1,,,0,,,,,
38374795,Howards End,E.M. Forster,"Forster, E.M.",,"=""1984295292""","=""9781984295293""",5,3.96,Createspace Independent Publishing Platform,Paperback,318,2018,1910,,2019/05/02,,,read,,,,1,,,0,,,,,
4954833,Brooklyn,Colm Tóibín,"Tóibín, Colm",,"=""1439138311""","=""9781439138311""",4,3.67,Scribner,Hardcover,262,2009,2009,,2019/05/02,,,read,,,,1,,,0,,,,,
17262100,The Lowland,Jhumpa Lahiri,"Lahiri, Jhumpa",,"=""0307265749""","=""9780307265746""",4,3.84,Knopf,Hardcover,340,2013,2013,,2019/05/02,,,read,,,,1,,,0,,,,,
30933,Brideshead Revisited,Evelyn Waugh,"Waugh, Evelyn",,"=""0316926345""","=""9780316926348""",5,4.00,Back Bay Books,Paperback,351,1982,1945,,2019/05/02,,,read,,,,1,,,0,,,,,
15507958,"Me Before You (Me Before You, #1)",Jojo Moyes,"Moyes, Jojo",,"=""0670026603""","=""9780670026609""",4,4.26,Pamela Dorman Books/Viking,Hardcover,369,2012,2012,,2017/11/29,favorites,favorites (#48),read,,,,1,,,0,,,,,
18775247,"Mr. Mercedes (Bill Hodges Trilogy, #1)",Stephen King,"King, Stephen",,"=""1476754454""","=""9781476754451""",5,3.96,Scribner,Hardcover,437,2014,2014,,2017/10/30,favorites,favorites (#47),read,,,,1,,,0,,,,,
72579,Alias Grace,Margaret Atwood,"Atwood, Margaret",,"=""0385475713""","=""9780385475716""",4,4.03,Doubleday Nan A. Talese,Hardcover,468,1996,1996,,2018/09/08,favorites,favorites (#46),read,,,,1,,,0,,,,,
34066798,A Gentleman in Moscow,Amor Towles,"Towles, Amor",,"=""0143110438""","=""9780143110439""",5,4.35,Penguin Books,Paperback,496,2019,2016,,2019/05/02,favorites,favorites (#27),read,,,,0,,,0,,,,,
18619684,The Time Traveler's Wife,Audrey Niffenegger,"Niffenegger, Audrey",,"=""""","=""9781939126016""",5,3.97,Zola Books,ebook,500,2013,2003,,2019/05/02,favorites,favorites (#36),read,,,,0,,,0,,,,,
25814512,Everyone Brave is Forgiven,Chris Cleave,"Cleave, Chris",,"=""1501124374""","=""9781501124372""",5,3.78,Simon  Schuster,Hardcover,418,2016,2016,,2017/12/14,favorites,favorites (#45),read,,,,1,,,0,,,,,
6426472,The Confessions of Edward Day,Valerie Martin,"Martin, Valerie",,"=""0385525842""","=""9780385525848""",5,3.48,Nan A. Talese,Hardcover,304,2009,2009,,2012/04/13,favorites,favorites (#44),read,,,,1,,,0,,,,,
5941033,Let the Great World Spin,Colum McCann,"McCann, Colum",,"=""1400063736""","=""9781400063734""",5,3.95,Random House,Hardcover,351,2009,2009,,2019/05/02,favorites,favorites (#43),read,,,,1,,,0,,,,,
24612118,Fates and Furies,Lauren Groff,"Groff, Lauren",,"=""1594634475""","=""9781594634475""",5,3.57,Riverhead Books,Hardcover,390,2015,2015,,2019/05/02,favorites,favorites (#42),read,,,,1,,,0,,,,,
18770398,Night Film,Marisha Pessl,"Pessl, Marisha",,"=""0812979788""","=""9780812979787""",5,3.78,Random House Trade Paperbacks,Paperback,640,2014,2013,2014/01/01,2019/05/01,favorites,favorites (#41),read,,,,1,,,0,,,,,
6464937,Too Much Happiness,Alice Munro,"Munro, Alice",,"=""0307269760""","=""9780307269768""",5,3.82,Knopf,Hardcover,304,2009,2009,,2012/04/13,favorites,favorites (#40),read,,,,1,,,0,,,,,
26795307,Moonglow,Michael Chabon,"Chabon, Michael",,"=""0062225553""","=""9780062225559""",5,3.81,Harper,Hardcover,430,2016,2016,,2017/10/30,favorites,favorites (#39),read,,,,1,,,0,,,,,
131359,"Death on the Nile (Hercule Poirot, #17)",Agatha Christie,"Christie, Agatha",,"=""0553119222""","=""9780553119220""",5,4.10,Bantam Books,Paperback,214,1978,1937,,2017/11/29,favorites,favorites (#38),read,,,,1,,,0,,,,,
22015256,Man at the Helm,Nina Stibbe,"Stibbe, Nina",,"=""0241003156""","=""9780241003152""",5,3.59,Penguin Viking,Hardcover,313,2014,2014,,2017/10/30,favorites,favorites (#37),read,,,,1,,,0,,,,,
10644930,11/22/63,Stephen King,"King, Stephen",,"=""1451627289""","=""9781451627282""",5,4.31,Scribner,Hardcover,849,2011,2011,,2017/10/30,favorites,favorites (#35),read,,,,1,,,0,,,,,
7331435,A Visit from the Goon Squad,Jennifer Egan,"Egan, Jennifer",,"=""0307592839""","=""9780307592835""",5,3.66,Knopf,Hardcover,288,2010,2010,,2012/04/13,favorites,favorites (#34),read,,,,1,,,0,,,,,
297673,The Brief Wondrous Life of Oscar Wao,Junot Díaz,"Díaz, Junot",,"=""1594489580""","=""9781594489587""",5,3.90,Riverhead Books,Hardcover,335,2007,2007,,2012/04/13,favorites,favorites (#33),read,,,,1,,,0,,,,,
5439,Interpreter of Maladies,Jhumpa Lahiri,"Lahiri, Jhumpa",,"=""0618101365""","=""9780618101368""",5,4.14,Houghton Mifflin Harcourt,Paperback,198,2000,1999,,2012/04/13,favorites,favorites (#32),read,,,,1,,,0,,,,,
13055592,Redshirts,John Scalzi,"Scalzi, John",,"=""0765316994""","=""9780765316998""",5,3.85,Tor Books,Hardcover,320,2012,2012,,2017/12/14,favorites,favorites (#30),read,,,,1,,,0,,,,,
16328,"The Murder of Roger Ackroyd (Hercule Poirot, #4)",Agatha Christie,"Christie, Agatha",,"=""1579126278""","=""9781579126278""",5,4.24,Black Dog & Leventhal Publishers,Hardcover,288,2006,1926,,2017/11/29,favorites,favorites (#29),read,,,,1,,,0,,,,,
16298,"A Murder Is Announced (Miss Marple, #5)",Agatha Christie,"Christie, Agatha",,"=""1579126294""","=""9781579126292""",5,3.98,Black Dog & Leventhal Publishers,Hardcover,288,2006,1950,,2017/11/29,,,read,,,,1,,,0,,,,,
20821087,The Paying Guests,Sarah Waters,"Waters, Sarah",,"=""1594633118""","=""9781594633119""",5,3.41,Riverhead Books,Hardcover,564,2014,2014,,2018/12/20,favorites,favorites (#28),read,,,,1,,,0,,,,,
20170404,Station Eleven,Emily St. John Mandel,"Mandel, Emily St. John",,"=""0385353308""","=""9780385353304""",5,4.04,Knopf,Hardcover,336,2014,2014,,2018/09/08,favorites,favorites (#26),read,,,,1,,,0,,,,,
187020,Empire Falls,Richard Russo,"Russo, Richard",,"=""0375726403""","=""9780375726408""",5,3.93,Vintage,Paperback,483,2002,2001,,2017/12/14,favorites,favorites (#25),read,,,,1,,,0,,,,,
16579,The Barrytown Trilogy: The Commitments / The Snapper / The Van,Roddy Doyle,"Doyle, Roddy",,"=""0140252622""","=""9780140252620""",5,4.28,Penguin Books,Paperback,633,1995,1993,2016/11/02,2012/04/13,favorites,favorites (#24),read,,,,1,,,0,,,,,
17333223,The Goldfinch,Donna Tartt,"Tartt, Donna",,"=""0316055433""","=""9780316055437""",5,3.91,"Little, Brown",Hardcover,771,2013,2013,,2016/11/02,favorites,favorites (#23),read,,,,1,,,0,,,,,
19089,Middlemarch,George Eliot,"Eliot, George",Michel Faber,"=""0451529170""","=""9780451529176""",5,3.96,Signet,Paperback,904,2004,1871,,2013/02/12,favorites,favorites (#22),read,,,,1,,,0,,,,,
17899948,Rebecca,Daphne du Maurier,"Maurier, Daphne du",,"=""0316323705""","=""9780316323703""",5,4.23,"Little, Brown and Company",ebook,449,2013,1938,,2017/10/30,favorites,favorites (#21),read,,,,1,,,0,,,,,
10964693,The Marriage Plot,Jeffrey Eugenides,"Eugenides, Jeffrey",,"=""0374203059""","=""9780374203054""",5,3.44,Farrar Straus Giroux,Hardcover,406,2011,2011,,2017/11/29,favorites,favorites (#20),read,,,,1,,,0,,,,,
21787,The Princess Bride,William Goldman,"Goldman, William",,"=""0345418263""","=""9780345418265""",5,4.26,Ballantine Books,Paperback,456,2003,1973,,2012/04/13,favorites,favorites (#19),read,,,,1,,,0,,,,,
4830,Shalimar the Clown,Salman Rushdie,"Rushdie, Salman",,"=""0679783482""","=""9780679783480""",5,3.88,Random House Trade,Paperback,398,2006,2005,,2019/05/02,favorites,favorites (#18),read,,,,1,,,0,,,,,
227593,Three Junes,Julia Glass,"Glass, Julia",,"=""0385721420""","=""9780385721424""",5,3.57,Anchor,Paperback,368,2003,2002,,2012/04/13,favorites,favorites (#17),read,,,,1,,,0,,,,,
721867,Wise Children,Angela Carter,"Carter, Angela",,"=""014017530X""","=""9780140175301""",5,3.94,Penguin,Paperback,240,1993,1991,,2012/04/13,favorites,favorites (#16),read,,,,1,,,0,,,,,
2657,"To Kill a Mockingbird (To Kill a Mockingbird, #1)",Harper Lee,"Lee, Harper",,"=""""","=""""",5,4.27,Harper Perennial Modern Classics,Paperback,324,2006,1960,,2017/11/29,favorites,favorites (#15),read,,,,1,,,0,,,,,
3679,On Beauty,Zadie Smith,"Smith, Zadie",,"=""0143037749""","=""9780143037743""",5,3.73,Penguin Books,Paperback,445,2006,2005,,2012/04/13,favorites,favorites (#14),read,,,,1,,,0,,,,,
116971,"Busman's Honeymoon (Lord Peter Wimsey, #13)",Dorothy L. Sayers,"Sayers, Dorothy L.",,"=""0061043516""","=""9780061043512""",5,4.28,HarperTorch,Paperback,409,2006,1937,,2017/11/29,favorites,favorites (#13),read,,,,1,,,0,,,,,
16160797,The Cuckoo's Calling,Robert Galbraith,"Galbraith, Robert",J.K. Rowling,"=""0316206849""","=""9780316206846""",5,3.86,"Mulholland Books / Little, Brown and Company",Hardcover,456,2013,2013,,2017/11/29,favorites,favorites (#12),read,,,,1,,,0,,,,,
13526165,"Where'd You Go, Bernadette",Maria Semple,"Semple, Maria",,"=""0316204277""","=""9780316204279""",5,3.90,"Little, Brown and Company",Hardcover,330,2012,2012,,2017/11/29,favorites,favorites (#11),read,,,,1,,,0,,,,,
3985,The Amazing Adventures of Kavalier & Clay,Michael Chabon,"Chabon, Michael",,"=""0312282990""","=""9780312282998""",5,4.18,Picador USA,Paperback,639,2001,2000,,2012/04/13,favorites,favorites (#10),read,,,,1,,,0,,,,,
3087,A Room with a View,E.M. Forster,"Forster, E.M.",,"=""1420925431""","=""9781420925432""",5,3.91,Digireads.com,Paperback,119,2005,1908,,2012/04/13,favorites,favorites (#9),read,,,,1,,,0,,,,,
7146335,Skippy Dies,Paul Murray,"Murray, Paul",,"=""0241141826""","=""9780241141823""",5,3.72,Hamish Hamilton,Paperback,661,2010,2010,,2012/04/13,favorites,favorites (#8),read,,,,1,,,0,,,,,
16243,Case Histories (Jackson Brodie #1),Kate Atkinson,"Atkinson, Kate",,"=""0316010707""","=""9780316010702""",5,3.83,Back Bay Books,Paperback,389,2005,2004,,2012/04/13,favorites,favorites (#6),read,,,,1,,,0,,,,,
31242,Bleak House,Charles Dickens,"Dickens, Charles","Nicola Bradbury, Hablot Knight Browne","=""0143037617""","=""9780143037613""",5,4.01,Penguin Books,Paperback,1017,2006,1853,,2012/04/13,favorites,favorites (#5),read,,,,1,,,0,,,,,
25584834,Fingersmith,Sarah Waters,"Waters, Sarah",,"=""1573229725""","=""9781573229722""",5,4.03,Riverhead Books,Paperback,582,2002,2002,,2018/12/20,favorites,favorites (#4),read,,,,1,,,0,,,,,
10210,Jane Eyre,Charlotte Brontë,"Brontë, Charlotte",Michael Mason,"=""0142437204""","=""9780142437209""",5,4.12,Penguin,Paperback,532,2003,1847,,2018/09/08,favorites,favorites (#2),read,,,,1,,,0,,,,,
11447921,Beautiful Ruins,Jess Walter,"Walter, Jess",,"=""0061928127""","=""9780061928123""",5,3.68,Harper,Hardcover,337,2012,2012,,2013/02/12,favorites,favorites (#1),read,,,,1,,,0,,,,,
36991825,Transcription,Kate Atkinson,"Atkinson, Kate",,"=""0857525883""","=""9780857525888""",4,3.50,Transworld Publishers Ltd ,Hardcover,337,2018,2018,,2018/06/01,,,read,,,,1,,,0,,,,,
34942741,"The Consuming Fire (The Interdependency, #2)",John Scalzi,"Scalzi, John",,"=""""","=""""",4,4.23,Tor Books,Kindle Edition,336,2018,2018,,2019/01/16,,,read,,,,1,,,0,,,,,
38355410,Elevation,Stephen King,"King, Stephen",Mark Edward Geyer,"=""1982102314""","=""9781982102319""",4,3.67,Scribner ,Hardcover,146,2018,2018,,2019/01/16,,,read,,,,1,,,0,,,,,
33916024,Sourdough,Robin Sloan,"Sloan, Robin",,"=""0374203105""","=""9780374203108""",3,3.76,"MCD Farrar, Straus and Giroux",Hardcover,259,2017,2017,,2019/01/16,,,read,,,,1,,,0,,,,,
16071745,"Someday, Someday, Maybe",Lauren Graham,"Graham, Lauren",,"=""0345532740""","=""9780345532749""",3,3.51,Ballantine Books,Hardcover,340,2013,2013,,2019/01/16,,,read,,,,1,,,0,,,,,
39720991,The Witch Elm,Tana French,"French, Tana",,"=""0735224633""","=""9780735224636""",5,3.54,Viking,ebook,464,2018,2018,,2018/06/01,,,read,,,,1,,,0,,,,,
28170940,"Lethal White (Cormoran Strike, #4)",Robert Galbraith,"Galbraith, Robert",J.K. Rowling,"=""0751572853""","=""9780751572858""",5,4.25,Sphere,Hardcover,650,2018,2018,,2017/11/29,,,read,,,,1,,,0,,,,,
37570554,"Miss Kopp Just Won't Quit (Kopp Sisters, #4)",Amy  Stewart,"Stewart, Amy",,"=""1328736512""","=""9781328736512""",3,3.94,Houghton Mifflin Harcourt,Hardcover,309,2018,2018,,2019/01/16,,,read,,,,1,,,0,,,,,
6969,Emma,Jane Austen,"Austen, Jane",Fiona Stafford,"=""0141439580""","=""9780141439587""",4,4.00,Penguin Books,Paperback,474,2003,1815,,2019/03/19,,,read,,,,1,,,0,,,,,
37678008,The Mermaid and Mrs. Hancock,Imogen Hermes Gowar,"Gowar, Imogen Hermes",,"=""0062859951""","=""9780062859952""",4,3.60,Harper,Hardcover,487,2018,2018,,2019/01/16,,,read,,,,1,,,0,,,,,
32337896,A House Among the Trees,Julia Glass,"Glass, Julia",,"=""1101870362""","=""9781101870365""",3,3.51,Pantheon Books,Hardcover,352,2017,2017,,2019/01/16,,,read,,,,1,,,0,,,,,
35297339,Asymmetry,Lisa Halliday,"Halliday, Lisa",,"=""150116676X""","=""9781501166761""",4,3.49,Simon & Schuster,Hardcover,277,2018,2018,,2019/01/16,,,read,,,,1,,,0,,,,,
36373413,Dear Mrs. Bird,A.J. Pearce,"Pearce, A.J.",,"=""""","=""""",4,3.80,Scribner,Hardcover,281,2018,2018,2019/04/01,2019/04/30,,,read,,,,1,,,0,,,,,
38819868,"My Sister, the Serial Killer",Oyinkan Braithwaite,"Braithwaite, Oyinkan",,"=""0385544235""","=""9780385544238""",4,3.77,Doubleday Books,Hardcover,226,2018,2017,2019/04/01,2019/04/30,,,read,,,,1,,,0,,,,,
22716447,Why Not Me?,Mindy Kaling,"Kaling, Mindy",,"=""0804138141""","=""9780804138147""",3,3.91,Crown Archetype,Hardcover,228,2015,2015,2017/01/01,2019/05/01,,,read,,,,1,,,0,,,,,
4981,Slaughterhouse-Five,Kurt Vonnegut Jr.,"Jr., Kurt Vonnegut",,"=""0385333846""","=""9780385333849""",3,4.07,Dial Press,Paperback,275,1999,1969,1999/01/01,2019/05/01,,,read,,,,1,,,0,,,,,
18405,Gone with the Wind,Margaret Mitchell,"Mitchell, Margaret",,"=""0446675539""","=""9780446675536""",4,4.29,Warner Books,Paperback,1037,1999,1936,2004/01/01,2019/05/01,,,read,,,,1,,,0,,,,,
332613,One Flew Over the Cuckoo's Nest,Ken Kesey,"Kesey, Ken",,"=""""","=""""",3,4.19,Signet,Mass Market Paperback,325,1963,1962,2003/01/01,2019/05/01,,,read,,,,1,,,0,,,,,
7604,Lolita,Vladimir Nabokov,"Nabokov, Vladimir",Craig Raine,"=""""","=""""",3,3.89,Penguin,Paperback,331,1995,1955,2003/01/01,2019/05/01,,,read,,,,1,,,0,,,,,
117833,The Master and Margarita,Mikhail Bulgakov,"Bulgakov, Mikhail","Diana Lewis Burgin, Katherine Tiernan O'Connor, Ellendea Proffer","=""0679760806""","=""9780679760801""",3,4.30,Vintage International,Paperback,335,1996,1967,2003/01/01,2019/05/01,,,read,,,,1,,,0,,,,,
3867,The History of Love,Nicole Krauss,"Krauss, Nicole",,"=""0393328627""","=""9780393328622""",3,3.92,Norton,Paperback,255,2006,2005,2006/01/01,2019/05/01,,,read,,,,1,,,0,,,,,
133518,The Things They Carried,Tim O'Brien,"O'Brien, Tim",,"=""0767902890""","=""9780767902892""",4,4.13,Broadway Books,Paperback,246,1998,1990,2002/01/01,2019/05/01,,,read,,,,1,,,0,,,,,
45195,A Passage to India,E.M. Forster,"Forster, E.M.","Pankaj Mishra, Oliver Stallybrass","=""014144116X""","=""9780141441160""",3,3.68,Penguin Books,Paperback,376,2005,1924,2011/01/01,2019/05/01,,,read,,,,1,,,0,,,,,
18373,Flowers for Algernon,Daniel Keyes,"Keyes, Daniel",,"=""0156030306""","=""9780156030304""",5,4.12,Harvest Books,Paperback,311,2005,1966,2005/01/01,2019/05/01,,,read,,,,1,,,0,,,,,
930,Memoirs of a Geisha,Arthur Golden,"Golden, Arthur",,"=""0739326228""","=""9780739326220""",3,4.11,Random House Large Print Publishing,Hardcover,434,2005,1997,2006/01/01,2019/05/01,,,read,,,,1,,,0,,,,,
22749994,Funny Girl,Nick Hornby,"Hornby, Nick",,"=""1594205418""","=""9781594205415""",4,3.38,Riverhead Books,Hardcover,452,2015,2014,2015/01/01,2019/05/01,,,read,,,,1,,,0,,,,,
6224826,"Juliet, Naked",Nick Hornby,"Hornby, Nick",,"=""1594488878""","=""9781594488870""",3,3.49,Riverhead Books,Hardcover,406,2009,2009,2010/01/01,2019/05/01,,,read,,,,1,,,0,,,,,
6514,The Bell Jar,Sylvia Plath,"Plath, Sylvia",,"=""""","=""""",3,4.00,Harper Perennial Modern Classics,Paperback,294,2006,1963,2010/01/01,2019/05/01,,,read,,,,1,,,0,,,,,
18693763,Everything I Never Told You,Celeste Ng,"Ng, Celeste",,"=""159420571X""","=""9781594205712""",3,3.85,Penguin Press,Hardcover,292,2014,2014,2015/01/01,2019/05/01,,,read,,,,1,,,0,,,,,
26135825,Fun Home: A Family Tragicomic,Alison Bechdel,"Bechdel, Alison",,"=""0618871713""","=""9780618871711""",5,4.08,Mariner Books,Paperback,232,2007,2006,2014/01/01,2019/05/01,,,read,,,,1,,,0,,,,,
3483,Special Topics in Calamity Physics,Marisha Pessl,"Pessl, Marisha",,"=""067003777X""","=""9780670037773""",4,3.71,Penguin Books Ltd,Hardcover,514,2006,2006,2005/01/01,2019/05/01,,,read,,,,1,,,0,,,,,
3636,"The Giver (The Giver, #1)",Lois Lowry,"Lowry, Lois",,"=""0385732554""","=""9780385732550""",4,4.13,Ember,Paperback,208,2006,1993,,2019/05/01,,,read,,,,1,,,0,,,,,
17728,The House of Mirth,Edith Wharton,"Wharton, Edith",Nina Bawden,"=""1844082938""","=""9781844082933""",3,3.95,Virago,Paperback,351,2006,1905,,2019/05/01,,,read,,,,1,,,0,,,,,
6319,The BFG,Roald Dahl,"Dahl, Roald",Quentin Blake,"=""0141311371""","=""9780141311371""",4,4.23,Puffin Books,Paperback,199,2001,1982,,2019/05/01,,,read,,,,1,,,0,,,,,
10964,"Outlander (Outlander, #1)",Diana Gabaldon,"Gabaldon, Diana",,"=""0440242940""","=""9780440242949""",4,4.23,Dell Publishing Company,Mass Market Paperback,850,2005,1991,,2019/05/01,,,read,,,,1,,,0,,,,,
37470,"The Other Boleyn Girl (The Plantagenet and Tudor Novels, #9)",Philippa Gregory,"Gregory, Philippa",,"=""""","=""""",4,4.06,Washington Square Press,Paperback,661,2003,2001,,2019/05/01,,,read,,,,1,,,0,,,,,
36809135,Where the Crawdads Sing,Delia Owens,"Owens, Delia",,"=""0735219117""","=""9780735219113""",5,4.49,G.P. Putnam’s Sons,ebook,384,2018,2018,2019/05/01,2019/04/30,,,read,,,,1,,,0,,,,,
34409176,The Dreamers,Karen Thompson Walker,"Walker, Karen Thompson",,"=""0812994167""","=""9780812994162""",3,3.65,Random House,Hardcover,303,2019,2019,2019/03/27,2019/01/16,,,read,,,,1,,,0,,,,,
37539457,Normal People,Sally Rooney,"Rooney, Sally",,"=""0571334644""","=""9780571334643""",0,3.88,Faber & Faber,Hardcover,266,2018,2018,,2019/03/27,to-read,to-read (#19),to-read,,,,0,,,0,,,,,
6219656,The Lottery,Shirley Jackson,"Jackson, Shirley",,"=""1563127873""","=""9781563127878""",5,4.09,Perfection Learning,Paperback,30,1990,1948,,2019/03/27,,,read,,,,1,,,0,,,,,
30688435,Exit West,Mohsin Hamid,"Hamid, Mohsin",,"=""0735212171""","=""9780735212176""",0,3.79,Riverhead,Hardcover,231,2017,2017,,2018/09/08,to-read,to-read (#18),to-read,,,,0,,,0,,,,,
32489959,Paradise Lodge,Nina Stibbe,"Stibbe, Nina",,"=""0241974925""","=""9780241974926""",4,3.77,Penguin,Paperback,288,2017,2016,,2017/10/30,,,read,,,,1,,,0,,,,,
274975,Mary Reilly,Valerie Martin,"Martin, Valerie",,"=""0349117810""","=""9780349117812""",4,3.64,Abacus,Paperback,256,2004,1990,,2019/03/01,,,read,,,,1,,,0,,,,,
40605609,Property,Valerie Martin,"Martin, Valerie",,"=""""","=""""",4,3.68,Vintage,Kindle Edition,210,2007,2003,,2019/03/01,,,read,,,,1,,,0,,,,,
17883956,The Ghost of the Mary Celeste,Valerie Martin,"Martin, Valerie",,"=""0385533500""","=""9780385533508""",4,3.15,Nan A. Talese,Hardcover,306,2014,2014,,2019/03/01,,,read,,,,1,,,0,,,,,
178565,Excellent Women,Barbara Pym,"Pym, Barbara",,"=""014310487X""","=""9780143104872""",4,3.92,Penguin Classics,Paperback,231,2006,1952,2019/03/01,2019/01/16,,,read,,,,1,,,0,,,,,
10054335,Rules of Civility,Amor Towles,"Towles, Amor",,"=""0670022691""","=""9780670022694""",5,4.04,Viking Adult,Hardcover,335,2011,2011,2019/03/01,2017/12/14,,,read,,,,1,,,0,,,,,
36300687,French Exit,Patrick deWitt,"deWitt, Patrick",,"=""0062846949""","=""9780062846945""",5,3.53,Ecco,ebook,256,2018,2018,,2018/09/08,,,read,,,,1,,,0,,,,,
34389773,Uncommon Type,Tom Hanks,"Hanks, Tom",,"=""1101946156""","=""9781101946152""",0,3.44,Knopf Publishing Group,Hardcover,405,2017,2017,,2018/09/08,to-read,to-read (#2),to-read,,,,0,,,0,,,,,
25584847,The Night Watch,Sarah Waters,"Waters, Sarah",,"=""""","=""""",3,3.69,Riverhead Books,Paperback,528,2006,2006,,2019/01/17,,,read,,,,1,,,0,,,,,
201651,No Way to Treat a First Lady,Christopher Buckley,"Buckley, Christopher",,"=""0375758755""","=""9780375758751""",4,3.77,Random House Trade,Paperback,288,2003,2002,,2019/01/16,,,read,,,,1,,,0,,,,,
10762469,The Leftovers,Tom Perrotta,"Perrotta, Tom",,"=""0312358342""","=""9780312358341""",3,3.40,St. Martin's Press,Hardcover,355,2011,2011,,2019/01/16,,,read,,,,1,,,0,,,,,
16366,Endless Night,Agatha Christie,"Christie, Agatha",,"=""0007151675""","=""9780007151677""",3,3.77,Harper,Paperback,303,2007,1967,,2019/01/16,,,read,,,,1,,,0,,,,,
1391290,Death of a Peer (Roderick Alleyn #10),Ngaio Marsh,"Marsh, Ngaio",,"=""0312964277""","=""9780312964276""",4,3.98,St. Martin's Paperbacks,Paperback,303,1998,1940,,2019/01/16,,,read,,,,1,,,0,,,,,
32827398,Spoonbenders,Daryl Gregory,"Gregory, Daryl",,"=""1524734829""","=""9781524734824""",4,3.92,Books on Tape,Audio CD,,2017,2017,,2019/01/16,,,read,,,,1,,,0,,,,,
1232,"The Shadow of the Wind (The Cemetery of Forgotten Books, #1)",Carlos Ruiz Zafón,"Zafón, Carlos Ruiz",Lucia Graves,"=""0143034901""","=""9780143034902""",4,4.26,Penguin Books,Paperback,487,2005,2001,,2019/01/16,,,read,,,,1,,,0,,,,,
11566,The Green Mile,Stephen King,"King, Stephen",,"=""0451933028""","=""9780451933027""",4,4.44,Penguin Signet,Paperback,592,1996,1996,,2019/01/16,,,read,,,,1,,,0,,,,,
213388,Florence of Arabia,Christopher Buckley,"Buckley, Christopher",,"=""0812972260""","=""9780812972269""",3,3.61,Random House Trade,Paperback,253,2005,2004,,2019/01/16,,,read,,,,1,,,0,,,,,
17934530,Annihilation (Southern Reach #1),Jeff VanderMeer,"VanderMeer, Jeff",,"=""0374104093""","=""9780374104092""",3,3.69,"Farrar, Straus and Giroux",Paperback,195,2014,2014,,2019/01/16,,,read,,,,1,,,0,,,,,
25614241,Beatlebone,Kevin Barry,"Barry, Kevin",,"=""0385540299""","=""9780385540292""",3,3.46,Doubleday,Hardcover,299,2015,2015,,2019/01/16,,,read,,,,1,,,0,,,,,
17830123,We Are Not Ourselves,Matthew  Thomas,"Thomas, Matthew",,"=""147675666X""","=""9781476756660""",2,3.70,Simon & Schuster,Hardcover,620,2014,2014,,2019/01/16,,,read,,,,1,,,0,,,,,
25817493,News of the World,Paulette Jiles,"Jiles, Paulette",,"=""0062409204""","=""9780062409201""",4,4.07,William Morrow,Hardcover,209,2016,2016,,2019/01/16,,,read,,,,1,,,0,,,,,
1339025,"Away with the Fairies (Phryne Fisher, #11)",Kerry Greenwood,"Greenwood, Kerry",,"=""1590583132""","=""9781590583135""",3,3.99,Poisoned Pen Press,Paperback,241,2006,2001,,2019/01/16,,,read,,,,1,,,0,,,,,
382842,"Ruddy Gore (Phryne Fisher, #7)",Kerry Greenwood,"Greenwood, Kerry",,"=""1590583140""","=""9781590583142""",3,3.81,Poisoned Pen Press,Hardcover,207,2006,1995,,2019/01/16,,,read,,,,1,,,0,,,,,
39832183,The Guernsey Literary and Potato Peel Pie Society,Mary Ann Shaffer,"Shaffer, Mary Ann",Annie Barrows,"=""1984801813""","=""9781984801814""",4,4.16,Dial Press,Paperback,291,2018,2008,,2019/01/16,,,read,,,,1,,,0,,,,,
23705512,You're Never Weird on the Internet (Almost),Felicia Day,"Day, Felicia",Joss Whedon,"=""1476785651""","=""9781476785653""",0,4.12,Gallery Books,Hardcover,272,2015,2015,,2019/01/16,to-read,to-read (#17),to-read,,,,0,,,0,,,,,
17674991,Paddle Your Own Canoe: One Man's Fundamentals for Delicious Living,Nick Offerman,"Offerman, Nick",,"=""052595421X""","=""9780525954217""",0,3.69,Dutton,Hardcover,340,2013,2013,,2019/01/16,to-read,to-read (#16),to-read,,,,0,,,0,,,,,
21412202,As You Wish: Inconceivable Tales from the Making of The Princess Bride,Cary Elwes,"Elwes, Cary","Joe Layden, Rob Reiner","=""1476764026""","=""9781476764023""",0,4.12,Atria Books,Hardcover,259,2014,2014,,2019/01/16,to-read,to-read (#15),to-read,,,,0,,,0,,,,,
26192646,Sweetbitter,Stephanie Danler,"Danler, Stephanie",,"=""1101875941""","=""9781101875940""",0,3.28,Knopf,Hardcover,356,2016,2016,,2019/01/16,to-read,to-read (#14),to-read,,,,0,,,0,,,,,
2967752,The Elegance of the Hedgehog,Muriel Barbery,"Barbery, Muriel",Alison Anderson,"=""1933372605""","=""9781933372600""",0,3.76,Europa Editions,Paperback,325,2008,2006,,2019/01/16,to-read,to-read (#13),to-read,,,,0,,,0,,,,,
33311863,American War,Omar El Akkad,"Akkad, Omar El",,"=""""","=""""",0,3.79,Knopf,Kindle Edition,384,2017,2017,,2019/01/16,to-read,to-read (#12),to-read,,,,0,,,0,,,,,
25434346,The Relic Master,Christopher Buckley,"Buckley, Christopher",,"=""1501125753""","=""9781501125751""",0,3.73,Simon  Schuster,Hardcover,384,2015,2015,,2019/01/16,to-read,to-read (#11),to-read,,,,0,,,0,,,,,
63033,The Savage Detectives,Roberto Bolaño,"Bolaño, Roberto",Natasha Wimmer,"=""0374191484""","=""9780374191481""",0,4.12,"Farrar, Straus and Giroux",Hardcover,577,2007,1998,,2019/01/16,to-read,to-read (#10),to-read,,,,0,,,0,,,,,
319386,Human Voices,Penelope Fitzgerald,"Fitzgerald, Penelope",,"=""0006542549""","=""9780006542544""",0,3.63,Flamingo,Paperback,200,2003,1980,,2019/01/16,to-read,to-read (#9),to-read,,,,0,,,0,,,,,
40090,Sacred Games (Sacred Games),Vikram Chandra,"Chandra, Vikram",,"=""0061130354""","=""9780061130359""",0,3.93,HarperCollins,Hardcover,916,2007,2006,,2019/01/16,to-read,to-read (#8),to-read,,,,0,,,0,,,,,
38746485,Becoming,Michelle Obama,"Obama, Michelle",,"=""1524763136""","=""9781524763138""",0,4.57,Crown,Hardcover,426,2018,2018,,2019/01/16,to-read,to-read (#7),to-read,,,,0,,,0,,,,,
56034,The French Lieutenant's Woman,John Fowles,"Fowles, John",,"=""0099478331""","=""9780099478331""",0,3.87,Vintage,Paperback,470,2009,1969,,2019/01/16,to-read,to-read (#6),to-read,,,,0,,,0,,,,,
31934046,The Dinner Party and Other Stories,Joshua Ferris,"Ferris, Joshua",,"=""031646595X""","=""9780316465953""",3,3.44,"Little, Brown and Company",Hardcover,247,2017,2017,,2017/05/23,,,read,,,,1,,,0,,,,,
35967101,The Seven Deaths of Evelyn Hardcastle,Stuart Turton,"Turton, Stuart",,"=""1408889560""","=""9781408889565""",4,3.91,Raven Books ,Hardcover,512,2018,2018,,2018/09/08,,,read,,,,1,,,0,,,,,
39723581,The Witch Elm,Tana French,"French, Tana",,"=""0735224625""","=""9780735224629""",5,3.54,Viking ,Hardcover,509,2018,2018,,2018/08/14,,,read,,,,1,,,0,,,,,
30304223,Rabbit Cake,Annie  Hartnett,"Hartnett, Annie",,"=""194104056X""","=""9781941040560""",5,3.97,Tin House Books,Paperback,332,2017,2017,,2017/05/23,,,read,,,,1,,,0,,,,,
32337901,Trajectory,Richard Russo,"Russo, Richard",,"=""1101947721""","=""9781101947722""",4,3.83,Knopf Publishing Group,Hardcover,256,2017,2017,,2017/05/23,,,read,,,,1,,,0,,,,,
7234875,The Little Stranger,Sarah Waters,"Waters, Sarah",,"=""""","=""""",4,3.54,Riverhead Books,Paperback,512,2010,2009,,2018/12/20,,,read,,,,1,,,0,,,,,
9850443,The Sisters Brothers,Patrick deWitt,"deWitt, Patrick",,"=""0062041266""","=""9780062041265""",3,3.85,Ecco,Hardcover,328,2011,2011,,2018/12/20,,,read,,,,1,,,0,,,,,
607014,Ella Enchanted,Gail Carson Levine,"Levine, Gail Carson",,"=""0064407055""","=""9780064407052""",5,3.98,HarperTrophy,Paperback,232,2017,1997,,2018/12/20,,,read,,,,1,,,0,,,,,
11866694,Arcadia,Lauren Groff,"Groff, Lauren",,"=""1401340873""","=""9781401340872""",0,3.67,Hachette Books,Hardcover,291,2012,2012,,2018/10/17,to-read,to-read (#5),to-read,,,,0,,,0,,,,,
24584923,Heat & Light,Jennifer Haigh,"Haigh, Jennifer",,"=""0061763292""","=""9780061763298""",3,3.74,Ecco,Hardcover,430,2016,2016,,2018/10/17,,,read,,,,1,,,0,,,,,
37060,"Old Filth (Old Filth, #1)",Jane Gardam,"Gardam, Jane",,"=""1933372133""","=""9781933372136""",5,3.93,Europa Editions,Paperback,290,2006,2004,,2018/10/17,,,read,,,,1,,,0,,,,,
373915,20th Century Ghosts,Joe Hill,"Hill, Joe",Christopher Golden,"=""0061147974""","=""9780061147975""",0,3.95,William Morrow,Hardcover,316,2007,2005,,2018/10/17,to-read,to-read (#4),to-read,,,,0,,,0,,,,,
16322,"The A.B.C. Murders (Hercule Poirot, #13)",Agatha Christie,"Christie, Agatha",,"=""1579126243""","=""9781579126247""",3,4.01,Black Dog & Leventhal Publishers,Hardcover,252,2006,1936,,2018/09/08,,,read,,,,1,,,0,,,,,
7093952,Faithful Place (Dublin Murder Squad #3),Tana French,"French, Tana",,"=""0670021873""","=""9780670021871""",5,3.98,Viking,Hardcover,400,2010,2010,,2018/09/08,,,read,,,,1,,,0,,,,,
36896898,Spinning Silver,Naomi Novik,"Novik, Naomi",,"=""""","=""""",4,4.25,Del Rey,Kindle Edition,480,2018,2018,,2018/10/17,,,read,,,,1,,,0,,,,,
41022009,"Cocaine Blues (Phryne Fisher, #1)",Kerry Greenwood,"Greenwood, Kerry",,"=""""","=""""",4,3.81,Poisoned Pen Press,Kindle Edition,185,2012,1989,,2018/09/08,,,read,,,,1,,,0,,,,,
382847,"Murder on the Ballarat Train (Phryne Fisher, #3)",Kerry Greenwood,"Greenwood, Kerry",,"=""1590582411""","=""9781590582411""",4,3.95,Poisoned Pen Press,Hardcover,151,2006,1991,,2018/09/08,,,read,,,,1,,,0,,,,,
6324090,"Alice's Adventures in Wonderland (Alice's Adventures in Wonderland, #1)",Lewis Carroll,"Carroll, Lewis",,"=""""","=""""",5,4.02,Public Domain Books,Kindle Edition,96,1997,1865,,2018/09/08,,,read,,,,1,,,0,,,,,
32075861,The Essex Serpent,Sarah Perry,"Perry, Sarah",,"=""0062666371""","=""9780062666376""",5,3.60,Custom House,Hardcover,422,2017,2016,,2018/09/08,,,read,,,,1,,,0,,,,,
10805160,"Broken Harbour (Dublin Murder Squad, #4)",Tana French,"French, Tana",,"=""1444705105""","=""9781444705102""",3,3.94,Hatchette Books Ireland,Paperback,533,2012,2012,,2018/09/08,,,read,,,,1,,,0,,,,,
28449257,The Wonder,Emma Donoghue,"Donoghue, Emma",,"=""0316393878""","=""9780316393874""",3,3.62,"Little, Brown and Company",Hardcover,291,2016,2016,,2016/08/31,,,read,,,,1,,,0,,,,,
35031085,Frankenstein,Mary Wollstonecraft Shelley,"Shelley, Mary Wollstonecraft",Charlotte Gordon,"=""""","=""""",2,3.79,Penguin Classics,Paperback,288,2018,1818,,2018/09/08,,,read,,,,1,,,0,,,,,
35301333,Noir,Christopher Moore,"Moore, Christopher",,"=""0062433970""","=""9780062433978""",5,3.78,William Morrow,Hardcover,339,2018,2018,,2017/11/29,,,read,,,,1,,,0,,,,,
36576608,Flowers for Algernon,Daniel Keyes,"Keyes, Daniel",,"=""""","=""""",4,4.12,,,216,,1966,,2018/09/08,,,read,,,,1,,,0,,,,,
236093,"The Wonderful Wizard of Oz (Oz, #1)",L. Frank Baum,"Baum, L. Frank",W.W. Denslow,"=""0140621679""","=""9780140621679""",5,3.99,Penguin,Paperback,154,1995,1900,,2018/09/08,,,read,,,,1,,,0,,,,,
25489625,Between the World and Me,Ta-Nehisi Coates,"Coates, Ta-Nehisi",,"=""0812993543""","=""9780812993547""",4,4.40,Spiegel & Grau,Hardcover,152,2015,2015,,2018/09/08,,,read,,,,1,,,0,,,,,
1,"Harry Potter and the Half-Blood Prince (Harry Potter, #6)",J.K. Rowling,"Rowling, J.K.",Mary GrandPré,"=""0439785960""","=""9780439785969""",5,4.57,Scholastic Inc.,Paperback,652,2006,2005,,2018/09/08,,,read,,,,1,,,0,,,,,
2,"Harry Potter and the Order of the Phoenix (Harry Potter, #5)",J.K. Rowling,"Rowling, J.K.",Mary GrandPré,"=""0439358078""","=""9780439358071""",4,4.49,Scholastic Inc.,Paperback,870,2004,2003,,2018/09/08,,,read,,,,1,,,0,,,,,
6,"Harry Potter and the Goblet of Fire (Harry Potter, #4)",J.K. Rowling,"Rowling, J.K.",Mary GrandPré,"=""""","=""""",4,4.56,Scholastic,Paperback,734,2002,2000,,2018/09/08,,,read,,,,1,,,0,,,,,
15881,"Harry Potter and the Chamber of Secrets (Harry Potter, #2)",J.K. Rowling,"Rowling, J.K.",Mary GrandPré,"=""0439064864""","=""9780439064866""",4,4.42,Arthur A. Levine Books / Scholastic Inc.,Hardcover,341,1999,1998,,2018/09/08,,,read,,,,1,,,0,,,,,
18982969,We Are All Completely Beside Ourselves,Karen Joy Fowler,"Fowler, Karen Joy",,"=""1782830200""","=""9781782830207""",4,3.72,Not Avail,ebook,320,2014,2013,,2018/09/08,,,read,,,,1,,,0,,,,,
30653967,The Women in the Castle,Jessica Shattuck,"Shattuck, Jessica",,"=""0062563661""","=""9780062563668""",3,3.86,William Morrow,Hardcover,356,2017,2017,,2018/09/08,,,read,,,,1,,,0,,,,,
23492671,"The Rosie Effect (Don Tillman, #2)",Graeme Simsion,"Simsion, Graeme",,"=""1476767327""","=""9781476767321""",3,3.60,Simon  Schuster,Paperback,368,2015,2014,,2018/09/08,,,read,,,,1,,,0,,,,,
29243722,The Forgetting Time,Sharon Guskin,"Guskin, Sharon",,"=""1250118719""","=""9781250118714""",3,3.80,Flatiron Books,Paperback,368,2016,2016,,2018/09/08,,,read,,,,1,,,0,,,,,
14201,Jonathan Strange & Mr Norrell,Susanna Clarke,"Clarke, Susanna",,"=""""","=""""",0,3.82,Tor Books,Paperback,1006,2006,2004,,2018/09/08,to-read,to-read (#3),to-read,,,,0,,,0,,,,,
13538873,"Mr. Penumbra's 24-Hour Bookstore (Mr. Penumbra's 24-Hour Bookstore, #1)",Robin Sloan,"Sloan, Robin",,"=""0374214913""","=""9780374214913""",3,3.75,"Farrar, Straus and Giroux",Hardcover,288,2012,2012,,2018/09/08,,,read,,,,1,,,0,,,,,
27746288,"Goodbye, Vitamin",Rachel Khong,"Khong, Rachel",,"=""1250109167""","=""9781471159480""",4,3.73,Henry Holt and Co.,Paperback,208,2017,2017,,2018/09/08,,,read,,,,1,,,0,,,,,
35411685,How to Stop Time,Matt Haig,"Haig, Matt",,"=""0525522875""","=""9780525522874""",3,3.85,Viking,Hardcover,325,2018,2017,,2018/09/08,,,read,,,,1,,,0,,,,,
89724,We Have Always Lived in the Castle,Shirley Jackson,"Jackson, Shirley",Jonathan Lethem,"=""0143039970""","=""9780143039976""",4,4.00,Penguin Books,Paperback,146,2006,1962,,2018/09/08,,,read,,,,1,,,0,,,,,
8667848,"A Discovery of Witches (All Souls Trilogy, #1)",Deborah Harkness,"Harkness, Deborah",,"=""0670022411""","=""9780670022410""",3,4.00,Viking Penguin,Hardcover,579,2011,2011,,2018/09/08,,,read,,,,1,,,0,,,,,
32920226,"Sing, Unburied, Sing",Jesmyn Ward,"Ward, Jesmyn",,"=""1501126067""","=""9781501126062""",0,4.02,Scribner,Hardcover,285,2017,2017,,2018/09/08,,,read,,,,1,,,0,,,,,
10846336,Salvage the Bones,Jesmyn Ward,"Ward, Jesmyn",,"=""1608195228""","=""9781608195220""",4,3.93,Bloomsbury,Hardcover,261,2011,2011,,2018/09/08,,,read,,,,1,,,0,,,,,
136251,"Harry Potter and the Deathly Hallows (Harry Potter, #7)",J.K. Rowling,"Rowling, J.K.",,"=""0545010225""","=""9780545010221""",5,4.62,Arthur A. Levine Books / Scholastic Inc.,Hardcover,759,2007,2007,,2018/09/08,,,read,,,,1,,,0,,,,,
6334,Never Let Me Go,Kazuo Ishiguro,"Ishiguro, Kazuo",,"=""1400078776""","=""9781400078776""",5,3.82,Vintage Books ,Paperback,288,2010,2005,,2018/09/08,,,read,,,,1,,,0,,,,,
28921,The Remains of the Day,Kazuo Ishiguro,"Ishiguro, Kazuo",,"=""""","=""""",5,4.12,Faber & Faber,Paperback,258,2005,1989,,2018/09/08,,,read,,,,1,,,0,,,,,
16085481,"Crazy Rich Asians (Crazy Rich Asians, #1)",Kevin Kwan,"Kwan, Kevin",,"=""0385536976""","=""9780385536974""",2,3.84,Doubleday,Hardcover,403,2013,2013,,2018/09/08,,,read,,,,1,,,0,,,,,
40411206,Talking as Fast as I Can: From Gilmore Girls to Gilmore Girls (and Everything in Between),Lauren Graham,"Graham, Lauren",,"=""""","=""""",3,3.97,Ballantine Books,Kindle Edition,224,2016,2016,,2018/09/08,,,read,,,,1,,,0,,,,,
32075854,Magpie Murders,Anthony Horowitz,"Horowitz, Anthony",,"=""0062645226""","=""9780062645227""",4,3.93,Harper,Hardcover,498,2017,2016,,2018/09/08,,,read,,,,1,,,0,,,,,
5,"Harry Potter and the Prisoner of Azkaban (Harry Potter, #3)",J.K. Rowling,"Rowling, J.K.",Mary GrandPré,"=""043965548X""","=""9780439655484""",5,4.56,Scholastic Inc.,Mass Market Paperback,435,2004,1999,,2018/09/08,,,read,,,,1,,,0,,,,,
32620349,Midnight at the Bright Ideas Bookstore,Matthew J. Sullivan,"Sullivan, Matthew J.",,"=""1501116843""","=""9781501116841""",4,3.79,Scribner,Hardcover,328,2017,2017,,2018/09/08,,,read,,,,1,,,0,,,,,
18293427,The Storied Life of A.J. Fikry,Gabrielle Zevin,"Zevin, Gabrielle",,"=""1616203218""","=""9781616203214""",4,3.99,Algonquin Books,Hardcover,260,2014,2014,,2018/09/08,,,read,,,,1,,,0,,,,,
29751398,The Power,Naomi Alderman,"Alderman, Naomi",,"=""0670919985""","=""9780670919987""",4,3.83,Viking,Hardcover,341,2017,2016,,2018/09/08,,,read,,,,1,,,0,,,,,
30288282,The Immortalists,Chloe  Benjamin,"Benjamin, Chloe",,"=""0735213186""","=""9780735213180""",3,3.72,G.P. Putnam's Sons,Hardcover,346,2018,2018,,2018/09/08,,,read,,,,1,,,0,,,,,
3,"Harry Potter and the Sorcerer's Stone (Harry Potter, #1)",J.K. Rowling,"Rowling, J.K.",Mary GrandPré,"=""""","=""""",5,4.47,Scholastic Inc,Hardcover,309,2003,1997,,2018/09/08,,,read,,,,1,,,0,,,,,
7445,The Glass Castle,Jeannette Walls,"Walls, Jeannette",,"=""074324754X""","=""9780743247542""",0,4.27,Scribner,Paperback,288,2006,2005,,2018/09/08,to-read,to-read (#1),to-read,,,,0,,,0,,,,,
29983711,Pachinko,Min Jin Lee,"Lee, Min Jin",,"=""1455563935""","=""9781455563937""",3,4.26,Grand Central Publishing,Hardcover,489,2017,2017,,2018/09/08,,,read,,,,1,,,0,,,,,
18143977,All the Light We Cannot See,Anthony Doerr,"Doerr, Anthony",,"=""1476746583""","=""9781476746586""",5,4.33,Scribner,Hardcover,531,2014,2014,,2018/09/08,,,read,,,,1,,,0,,,,,
34928122,Artemis,Andy Weir,"Weir, Andy",,"=""0553448129""","=""9780553448122""",3,3.67,Crown,Hardcover,305,2017,2017,,2018/09/08,,,read,,,,1,,,0,,,,,
33590210,An American Marriage,Tayari Jones,"Jones, Tayari",,"=""1616201347""","=""9781616201340""",4,3.97,Algonquin Books,Hardcover,308,2018,2018,,2018/09/08,,,read,,,,1,,,0,,,,,
33413128,"Beartown (Beartown, #1)",Fredrik Backman,"Backman, Fredrik",Neil Smith,"=""""","=""""",3,4.26,Simon & Schuster,Kindle Edition,432,2017,2016,,2018/09/08,,,read,,,,1,,,0,,,,,
40389527,The Woman in the Window,A.J. Finn,"Finn, A.J.",,"=""""","=""""",3,3.94,William Morrow,Kindle Edition,455,2018,2018,,2018/09/08,,,read,,,,1,,,0,,,,,
34273236,Little Fires Everywhere,Celeste Ng,"Ng, Celeste",,"=""0735224293""","=""9780735224292""",4,4.11,Penguin Press,Hardcover,338,2017,2017,,2018/09/08,,,read,,,,1,,,0,,,,,
31434883,Eleanor Oliphant Is Completely Fine,Gail Honeyman,"Honeyman, Gail",,"=""0735220689""","=""9780735220683""",5,4.30,Pamela Dorman Books / Viking,Hardcover,336,2017,2017,,2018/09/08,,,read,,,,1,,,0,,,,,
36124936,The Outsider,Stephen King,"King, Stephen",,"=""1501180983""","=""9781501180989""",4,4.00,Scribner,Hardcover,561,2018,2018,,2018/09/08,,,read,,,,1,,,0,,,,,
28449270,Today Will Be Different,Maria Semple,"Semple, Maria",,"=""0316403431""","=""9780316403436""",4,3.18,"Little, Brown and Company",Hardcover,259,2016,2016,,2016/08/31,,,read,,,,1,,,0,,,,,
27774596,"After You (Me Before You, #2)",Jojo Moyes,"Moyes, Jojo",,"=""0143108867""","=""9780143108863""",4,3.72,Penguin Books,Paperback,352,2016,2015,,2018/09/08,,,read,,,,1,,,0,,,,,
17347634,"Me Before You (Me Before You, #1)",Jojo Moyes,"Moyes, Jojo",,"=""0143124544""","=""9780143124542""",5,4.26,Penguin Books,Paperback,369,2013,2012,,2018/09/08,,,read,,,,1,,,0,,,,,
35791968,"Still Me (Me Before You, #3)",Jojo Moyes,"Moyes, Jojo",,"=""0399562451""","=""9780399562457""",4,4.15,Pamela Dorman Books,Hardcover,390,2018,2018,,2018/09/08,,,read,,,,1,,,0,,,,,
28114478,"Lady Cop Makes Trouble (Kopp Sisters, #2)",Amy  Stewart,"Stewart, Amy",,"=""0544409949""","=""9780544409941""",3,3.82,Houghton Mifflin Harcourt,Hardcover,310,2016,2016,2018/09/08,2017/11/29,,,read,,,,1,,,0,,,,,
6101138,Wolf Hall (Thomas Cromwell #1),Hilary Mantel,"Mantel, Hilary",,"=""0007230206""","=""9780007230204""",4,3.87,HarperCollins Publishers Ltd,Paperback,653,2010,2009,,2013/02/12,,,read,,,,1,,,0,,,,,
9712,Love in the Time of Cholera,Gabriel García Márquez,"Márquez, Gabriel García",Edith Grossman,"=""140003468X""","=""9781400034680""",4,3.91,Vintage International,Paperback,348,2003,1985,,2013/02/12,,,read,,,,1,,,0,,,,,
34467031,Manhattan Beach,Jennifer Egan,"Egan, Jennifer",,"=""1476716730""","=""9781476716732""",5,3.62,Scribner,Hardcover,438,2017,2017,,2017/12/14,,,read,,,,1,,,0,,,,,
20439328,How to Be Both,Ali Smith,"Smith, Ali",,"=""""","=""""",3,3.65,Penguin,Kindle Edition,376,2014,2014,,2017/12/14,,,read,,,,1,,,0,,,,,
28446947,"Autumn (Seasonal, #1)",Ali Smith,"Smith, Ali",,"=""0241207002""","=""9780241207000""",4,3.71,Hamish Hamilton,Hardcover,264,2016,2016,,2017/12/14,,,read,,,,1,,,0,,,,,
23899174,In the Unlikely Event,Judy Blume,"Blume, Judy",,"=""1101875046""","=""9781101875049""",4,3.53,Knopf,Hardcover,402,2015,2015,,2017/12/14,,,read,,,,1,,,0,,,,,
162941,Heir to the Glimmering World,Cynthia Ozick,"Ozick, Cynthia",,"=""0618618805""","=""9780618618804""",4,3.13,Mariner Books,Paperback,336,2005,2004,,2017/12/14,,,read,,,,1,,,0,,,,,
8149149,Foreign Bodies,Cynthia Ozick,"Ozick, Cynthia",,"=""0547435576""","=""9780547435572""",3,3.16,Houghton Mifflin Harcourt,Hardcover,255,2010,2010,,2017/12/14,,,read,,,,1,,,0,,,,,
26891429,"The City of Mirrors (The Passage, #3)",Justin Cronin,"Cronin, Justin",,"=""034550500X""","=""9780345505002""",4,4.20,Ballantine Books,Hardcover,602,2016,2016,,2017/12/14,,,read,,,,1,,,0,,,,,
13281368,"The Twelve (The Passage, #2)",Justin Cronin,"Cronin, Justin",,"=""0345504984""","=""9780345504982""",4,4.00,The Random House Publishing Group,Hardcover,568,2012,2012,,2017/12/14,,,read,,,,1,,,0,,,,,
6690798,"The Passage (The Passage, #1)",Justin Cronin,"Cronin, Justin",Dominique Haas,"=""0345504968""","=""9780345504968""",4,4.04,Ballantine Books,Hardcover,766,2010,2010,,2017/12/14,,,read,,,,1,,,0,,,,,
19103097,"The Magician's Land (The Magicians, #3)",Lev Grossman,"Grossman, Lev",,"=""""","=""""",4,4.15,Plume,Kindle Edition,402,2014,2014,,2017/12/14,,,read,,,,1,,,0,,,,,
10079321,"The Magician King (The Magicians, #2)",Lev Grossman,"Grossman, Lev",,"=""043402080X""","=""9780434020805""",4,3.92,William Heinemann,Paperback,400,2011,2011,,2017/12/14,,,read,,,,1,,,0,,,,,
6101718,"The Magicians (The Magicians, #1)",Lev Grossman,"Grossman, Lev",,"=""0670020559""","=""9780670020553""",4,3.51,Viking,Hardcover,402,2009,2009,,2017/12/14,,,read,,,,1,,,0,,,,,
16059336,Fin & Lady,Cathleen Schine,"Schine, Cathleen",,"=""0374154902""","=""9780374154905""",5,3.53,Sarah Crichton Books,Hardcover,277,2013,2013,,2017/12/14,,,read,,,,1,,,0,,,,,
6670347,The Three Weissmanns of Westport,Cathleen Schine,"Schine, Cathleen",,"=""0374299048""","=""9780374299040""",4,2.92,Sarah Crichton Books,Hardcover,295,2010,2010,,2017/12/14,,,read,,,,1,,,0,,,,,
26114424,"They May Not Mean To, But They Do",Cathleen Schine,"Schine, Cathleen",,"=""0374280134""","=""9780374280130""",4,3.55,Sarah Crichton Books,Hardcover,293,2016,2016,,2017/12/14,,,read,,,,1,,,0,,,,,
107821,Bridge of Sighs,Richard Russo,"Russo, Richard",,"=""0375414959""","=""9780375414954""",4,3.80,Knopf,Hardcover,528,2007,2007,,2017/12/14,,,read,,,,1,,,0,,,,,
27068575,Everybody's Fool,Richard Russo,"Russo, Richard",,"=""0307270645""","=""9780307270641""",5,4.08,Knopf,Hardcover,477,2016,2016,,2017/12/14,,,read,,,,1,,,0,,,,,
25458371,The Loney,Andrew Michael Hurley,"Hurley, Andrew Michael",,"=""1473619823""","=""9781473619821""",3,3.27,John Murray,Hardcover,368,2015,2014,,2017/12/14,,,read,,,,1,,,0,,,,,
31434269,Here I Am,Jonathan Safran Foer,"Foer, Jonathan Safran",,"=""0241146186""","=""9780241146187""",4,3.64,Hamish Hamilton,Paperback,571,2016,2016,,2017/12/14,,,read,,,,1,,,0,,,,,
13562049,Sweet Tooth,Ian McEwan,"McEwan, Ian",,"=""0224097377""","=""9780224097376""",4,3.41,Jonathan Cape,Hardcover,320,2012,2012,,2017/12/14,,,read,,,,1,,,0,,,,,
21965107,The Children Act,Ian McEwan,"McEwan, Ian",,"=""0385539703""","=""9780385539708""",3,3.70,Nan A. Talese,Hardcover,240,2014,2014,,2017/12/14,,,read,,,,1,,,0,,,,,
815309,On Chesil Beach,Ian McEwan,"McEwan, Ian",,"=""0224081187""","=""9780224081184""",4,3.58,Jonathan Cape,Hardcover,166,2007,2007,,2017/12/14,,,read,,,,1,,,0,,,,,
5015,Saturday,Ian McEwan,"McEwan, Ian",,"=""1400076196""","=""9781400076192""",4,3.63,Anchor,Paperback,289,2006,2005,,2017/12/14,,,read,,,,1,,,0,,,,,
6867,Atonement,Ian McEwan,"McEwan, Ian",,"=""038572179X""","=""9780385721790""",4,3.90,Anchor Books,Paperback,351,2003,2001,,2017/12/14,,,read,,,,1,,,0,,,,,
30008702,Nutshell,Ian McEwan,"McEwan, Ian",,"=""""","=""""",4,3.67,Nan A. Talese,Hardcover,208,2016,2016,,2017/12/14,,,read,,,,1,,,0,,,,,
88071,"The Last Colony (Old Man's War, #3)",John Scalzi,"Scalzi, John",,"=""0765316978""","=""9780765316974""",4,4.06,Tor Books,Hardcover,320,2007,2007,,2017/12/14,,,read,,,,1,,,0,,,,,
239399,"The Ghost Brigades (Old Man's War, #2)",John Scalzi,"Scalzi, John",,"=""0765354063""","=""9780765354068""",4,4.10,Tor Books,Paperback,347,2007,2006,,2017/12/14,,,read,,,,1,,,0,,,,,
51964,"Old Man's War (Old Man's War, #1)",John Scalzi,"Scalzi, John",,"=""0765348276""","=""9780765348272""",4,4.24,Tor Books,Mass Market Paperback,355,2007,2005,,2017/12/14,,,read,,,,1,,,0,,,,,
30078567,"The Collapsing Empire (The Interdependency, #1)",John Scalzi,"Scalzi, John",,"=""0765388898""","=""9780765388896""",4,4.10,Tor Books,ebook,336,2017,2017,,2017/12/14,,,read,,,,1,,,0,,,,,
29906980,Lincoln in the Bardo,George Saunders,"Saunders, George",,"=""0812995341""","=""9780812995343""",4,3.76,Random House,Hardcover,343,2017,2017,,2017/12/14,,,read,,,,1,,,0,,,,,
26245850,Before the Fall,Noah Hawley,"Hawley, Noah",,"=""1455561789""","=""9781455561780""",3,3.73,Grand Central Publishing,Hardcover,391,2016,2016,,2017/12/14,,,read,,,,1,,,0,,,,,
28693710,Mister Monkey,Francine Prose,"Prose, Francine",,"=""0062397850""","=""9780062397850""",4,3.42,Harper,ebook,304,2016,2016,,2017/12/14,,,read,,,,1,,,0,,,,,
17234581,Dissident Gardens,Jonathan Lethem,"Lethem, Jonathan",,"=""0224093959""","=""9780224093958""",4,3.27,Jonathan Cape,Hardcover,366,2013,2013,,2017/12/14,,,read,,,,1,,,0,,,,,
328854,Motherless Brooklyn,Jonathan Lethem,"Lethem, Jonathan",,"=""0375724834""","=""9780375724831""",4,3.89,Vintage,Paperback,311,2000,1999,,2017/12/14,,,read,,,,1,,,0,,,,,
701738,Incendiary,Chris Cleave,"Cleave, Chris",,"=""1400096685""","=""9781400096688""",3,3.61,Anchor,Paperback,239,2006,2005,,2017/12/14,,,read,,,,1,,,0,,,,,
6948436,Little Bee,Chris Cleave,"Cleave, Chris",,"=""1416589643""","=""9781416589648""",5,3.71,Simon & Schuster,Paperback,275,2010,2008,,2017/12/14,,,read,,,,1,,,0,,,,,
18295858,Frog Music,Emma Donoghue,"Donoghue, Emma",,"=""031632468X""","=""9780316324687""",3,3.15,"Little, Brown and Company",Hardcover,416,2014,2014,,2017/12/14,,,read,,,,1,,,0,,,,,
20723818,Mermaids in Paradise,Lydia Millet,"Millet, Lydia",,"=""0393245624""","=""9780393245622""",4,2.78,W. W. Norton  Company,Hardcover,304,2014,2014,,2017/12/14,,,read,,,,1,,,0,,,,,
32191727,Sweet Lamb of Heaven,Lydia Millet,"Millet, Lydia",,"=""0393354180""","=""9780393354188""",3,2.95,W. W. Norton  Company,Paperback,256,2017,2016,,2017/12/14,,,read,,,,1,,,0,,,,,
30687236,Celine,Peter Heller,"Heller, Peter",Kimberley Farr,"=""1524751065""","=""9781524751067""",3,3.74,Books on Tape,Audio CD,12,2017,2017,,2017/12/14,,,read,,,,1,,,0,,,,,
13330761,The Dog Stars,Peter Heller,"Heller, Peter",,"=""0307959945""","=""9780307959942""",4,3.92,Knopf,Hardcover,336,2012,2012,,2017/12/14,,,read,,,,1,,,0,,,,,
72876,Baker Towers,Jennifer Haigh,"Haigh, Jennifer",,"=""0060509422""","=""9780060509422""",3,3.72,Harper Perennial,Paperback,368,2005,2004,,2017/12/14,,,read,,,,1,,,0,,,,,
20821614,"You (You, #1)",Caroline Kepnes,"Kepnes, Caroline",,"=""1476785597""","=""9781476785592""",4,3.91,Atria/Emily Bestler Books,Hardcover,424,2014,2014,,2017/12/14,,,read,,,,1,,,0,,,,,
25781157,The Nest,Cynthia D'Aprix Sweeney,"Sweeney, Cynthia D'Aprix",,"=""0062414216""","=""9780062414212""",3,3.42,Ecco,Hardcover,368,2016,2016,,2017/12/14,,,read,,,,1,,,0,,,,,
6643090,Major Pettigrew's Last Stand,Helen Simonson,"Simonson, Helen",,"=""1400068932""","=""9781400068937""",4,3.89,Random House,Hardcover,359,2010,2010,,2017/12/14,,,read,,,,1,,,0,,,,,
25776122,The Summer Before the War,Helen Simonson,"Simonson, Helen",,"=""0812993101""","=""9780812993103""",4,3.78,Random House,Hardcover,481,2016,2016,,2017/12/14,,,read,,,,1,,,0,,,,,
25868918,Jane Steele,Lyndsay Faye,"Faye, Lyndsay",,"=""1472217551""","=""9781472217554""",5,3.91,Headline Review,Paperback,432,2016,2016,,2017/12/14,,,read,,,,1,,,0,,,,,
17824793,The Year of the Runaways,Sunjeev Sahota,"Sahota, Sunjeev",,"=""1447241649""","=""9781447241645""",3,3.85,Picador,Hardcover,468,2015,2015,,2017/12/14,,,read,,,,1,,,0,,,,,
25817032,Girl Through Glass,Sari Wilson,"Wilson, Sari",,"=""0062326279""","=""9780062326270""",3,3.39,Harper,Hardcover,289,2016,2016,,2017/12/14,,,read,,,,1,,,0,,,,,
25731953,All Things Cease to Appear,Elizabeth Brundage,"Brundage, Elizabeth",,"=""1101875593""","=""9781101875599""",3,3.71,Alfred A. Knopf,Hardcover,400,2016,2016,,2017/12/14,,,read,,,,1,,,0,,,,,
25776196,I'm Glad About You,Theresa Rebeck,"Rebeck, Theresa",,"=""0399172882""","=""9780399172885""",4,2.93,G.P. Putnam's Sons,Hardcover,372,2016,2016,,2017/12/14,,,read,,,,1,,,0,,,,,
18774964,A Man Called Ove,Fredrik Backman,"Backman, Fredrik",Henning Koch,"=""1476738017""","=""9781476738017""",4,4.36,Atria Books,Hardcover,337,2014,2012,,2017/12/14,,,read,,,,1,,,0,,,,,
9969571,"Ready Player One (Ready Player One, #1)",Ernest Cline,"Cline, Ernest",,"=""030788743X""","=""9780307887436""",4,4.27,Crown Publishers,Hardcover,374,2011,2011,,2017/12/14,,,read,,,,1,,,0,,,,,
74406,"Fifth Business (The Deptford Trilogy, #1)",Robertson Davies,"Davies, Robertson",,"=""0141181362""","=""9780141181363""",3,4.05,Penguin,Paperback,252,2002,1970,,2017/12/14,,,read,,,,1,,,0,,,,,
9412055,"Emily, Alone (Emily Maxwell, #2)",Stewart O'Nan,"O'Nan, Stewart",,"=""0670022357""","=""9780670022359""",2,3.68,Viking,Hardcover,255,2011,2011,,2017/12/14,,,read,,,,1,,,0,,,,,
24331115,After Alice,Gregory Maguire,"Maguire, Gregory",,"=""0060548959""","=""9780060548957""",3,2.79,William Morrow,Hardcover,273,2015,2015,,2017/12/14,,,read,,,,1,,,0,,,,,
29430012,A Gentleman in Moscow,Amor Towles,"Towles, Amor",,"=""0670026190""","=""9780670026197""",5,4.35,Viking,Hardcover,462,2016,2016,,2017/12/14,,,read,,,,1,,,0,,,,,
23995336,The Tsar of Love and Techno,Anthony Marra,"Marra, Anthony",,"=""0770436439""","=""9780770436438""",4,4.27,Hogarth Press,Hardcover,332,2015,2015,,2017/12/14,,,read,,,,1,,,0,,,,,
24292310,Two Years Eight Months and Twenty-Eight Nights,Salman Rushdie,"Rushdie, Salman",,"=""081299891X""","=""9780812998917""",4,3.38,Random House,Hardcover,304,2015,2015,,2017/12/14,,,read,,,,1,,,0,,,,,
18490533,Radiance,Catherynne M. Valente,"Valente, Catherynne M.",,"=""0765335298""","=""9780765335296""",3,3.76,"Tom Doherty Associates, LLC",Hardcover,432,2015,2015,,2017/12/14,,,read,,,,1,,,0,,,,,
6280118,One Day,David Nicholls,"Nicholls, David",,"=""0340896965""","=""9780340896969""",4,3.79,Hodder & Stoughton,Hardcover,435,2009,2009,,2017/12/14,,,read,,,,1,,,0,,,,,
21423525,Us,David Nicholls,"Nicholls, David",,"=""034089699X""","=""9780340896990""",4,3.68,Hodder & Stoughton,Hardcover,400,2014,2014,,2017/12/14,,,read,,,,1,,,0,,,,,
366842,The Understudy,David Nicholls,"Nicholls, David",,"=""0812971418""","=""9780812971415""",3,3.31,Villard Books,Paperback,368,2007,2005,,2017/12/14,,,read,,,,1,,,0,,,,,
13638125,"Vicious (Villains, #1)",V.E. Schwab,"Schwab, V.E.",Victoria Schwab,"=""0765335344""","=""9780765335340""",4,4.24,Tor,Hardcover,368,2013,2013,,2017/12/14,,,read,,,,1,,,0,,,,,
26128897,This Must Be the Place,Maggie O'Farrell,"O'Farrell, Maggie",,"=""""","=""""",5,3.94,Tinder Press,Kindle Edition,496,2016,2016,,2017/12/14,,,read,,,,1,,,0,,,,,
6939939,The Hand That First Held Mine,Maggie O'Farrell,"O'Farrell, Maggie",,"=""0547330790""","=""9780547330792""",3,3.91,Houghton Mifflin Harcourt,Hardcover,341,2010,2009,,2017/12/14,,,read,,,,1,,,0,,,,,
250729,The Vanishing Act of Esme Lennox,Maggie O'Farrell,"O'Farrell, Maggie",,"=""0755308441""","=""9780755308446""",4,3.84,Headline Review,Paperback,277,2013,2006,,2017/12/14,,,read,,,,1,,,0,,,,,
23168277,The Sympathizer,Viet Thanh Nguyen,"Nguyen, Viet Thanh",,"=""0802123457""","=""9780802123459""",4,4.00,Grove Press,Hardcover,371,2015,2015,,2017/10/30,,,read,,,,1,,,0,,,,,
22557272,The Girl on the Train,Paula Hawkins,"Hawkins, Paula",,"=""1594633665""","=""9781594633669""",3,3.92,Riverhead Books,Hardcover,336,2015,2015,,2017/11/29,,,read,,,,1,,,0,,,,,
6469165,What Alice Forgot,Liane Moriarty,"Moriarty, Liane",,"=""0141043768""","=""9780141043760""",4,4.08,PanMacmillan Australia,Paperback,476,2010,2009,,2017/11/29,,,read,,,,1,,,0,,,,,
22522808,Trigger Warning: Short Fictions and Disturbances,Neil Gaiman,"Gaiman, Neil",,"=""0062330268""","=""9780062330260""",4,3.93,William Morrow,Hardcover,310,2015,2015,,2017/11/29,,,read,,,,1,,,0,,,,,
14497,"Neverwhere (London Below, #1)",Neil Gaiman,"Gaiman, Neil",,"=""0060557818""","=""9780060557812""",3,4.17,William Morrow Paperbacks,Paperback,370,2003,1996,,2017/11/29,,,read,,,,1,,,0,,,,,
15783514,The Ocean at the End of the Lane,Neil Gaiman,"Gaiman, Neil",,"=""0062255657""","=""9780062255655""",4,4.00,William Morrow Books,Hardcover,181,2013,2013,,2017/11/29,,,read,,,,1,,,0,,,,,
30165203,"American Gods (American Gods, #1)",Neil Gaiman,"Gaiman, Neil",,"=""""","=""""",4,4.11,William Morrow,Kindle Edition,635,2011,2001,,2017/11/29,,,read,,,,1,,,0,,,,,
20804235,The Mark and the Void,Paul Murray,"Murray, Paul",,"=""0241146666""","=""9780241146668""",4,3.62,Penguin,Paperback,461,2015,2015,,2017/11/29,,,read,,,,1,,,0,,,,,
2056,An Evening of Long Goodbyes,Paul Murray,"Murray, Paul",,"=""0812970403""","=""9780812970401""",4,3.61,Random House Trade Paperbacks,Paperback,448,2005,2003,,2017/11/29,,,read,,,,1,,,0,,,,,
5113,Franny and Zooey,J.D. Salinger,"Salinger, J.D.",,"=""0316769029""","=""9780316769020""",4,3.98,Back Bay Books,Paperback,201,2001,1961,,2017/11/29,,,read,,,,1,,,0,,,,,
5107,The Catcher in the Rye,J.D. Salinger,"Salinger, J.D.",Maria Skibniewska,"=""0316769177""","=""9780316769174""",3,3.80,Back Bay Books,Paperback,277,2001,1951,,2017/11/29,,,read,,,,1,,,0,,,,,
7613,Animal Farm,George Orwell,"Orwell, George","Boris Grabnar, Peter Škerl","=""0452284244""","=""9780452284241""",4,3.93,NAL,Paperback,122,2003,1945,,2017/11/29,,,read,,,,1,,,0,,,,,
51496,The Strange Case of Dr. Jekyll and Mr. Hyde,Robert Louis Stevenson,"Stevenson, Robert Louis","Mervyn Peake, Vladimir Nabokov, Dan Chaon","=""0451528956""","=""9780451528957""",4,3.81,Signet Classics,Paperback,144,2003,1886,,2017/11/29,,,read,,,,1,,,0,,,,,
2401162,The Picture of Dorian Gray,Kieran McGovern,"McGovern, Kieran",Oscar Wilde,"=""1405882298""","=""9781405882293""",4,4.03,Pearson Education ESL,Paperback,63,2008,,,2017/11/29,,,read,,,,1,,,0,,,,,
52036,Siddhartha,Hermann Hesse,"Hesse, Hermann",Hilda Rosner,"=""""","=""""",3,4.02,Bantam Books,Mass Market Paperback,152,1981,1922,,2017/11/29,,,read,,,,1,,,0,,,,,
4588,Extremely Loud and Incredibly Close,Jonathan Safran Foer,"Foer, Jonathan Safran",,"=""0618711651""","=""9780618711659""",4,3.98,Mariner Books,Paperback,326,2006,2005,,2017/11/29,,,read,,,,1,,,0,,,,,
31122,I Capture the Castle,Dodie Smith,"Smith, Dodie",,"=""0312181108""","=""9780312181109""",4,4.00,Wyatt Book,Hardcover,343,1998,1948,,2017/11/29,,,read,,,,1,,,0,,,,,
2187,Middlesex,Jeffrey Eugenides,"Eugenides, Jeffrey",,"=""0312422156""","=""9780312422158""",3,4.00,Picador USA,Paperback,529,2003,2002,,2017/11/29,,,read,,,,1,,,0,,,,,
8442457,Gone Girl,Gillian Flynn,"Flynn, Gillian",,"=""0297859382""","=""9780297859383""",4,4.07,Weidenfeld & Nicolson,Hardcover,399,2012,2012,,2017/11/29,,,read,,,,1,,,0,,,,,
4381,Fahrenheit 451,Ray Bradbury,"Bradbury, Ray",Alfredo Crespo,"=""0307347974""","=""9780307347978""",5,3.99,DeBolsillo,Mass Market Paperback,175,2004,1953,,2017/11/29,,,read,,,,1,,,0,,,,,
17803,After Dark,Haruki Murakami,"Murakami, Haruki",Jay Rubin,"=""0307265838""","=""9780307265838""",3,3.70,Knopf Publishing Group,Hardcover,191,2007,2004,,2017/11/29,,,read,,,,1,,,0,,,,,
16181775,"The Rosie Project (Don Tillman, #1)",Graeme Simsion,"Simsion, Graeme",,"=""1476729085""","=""9781476729084""",4,4.02,Simon & Schuster,Hardcover,295,2013,2013,,2017/11/29,,,read,,,,1,,,0,,,,,
26247008,Truly Madly Guilty,Liane Moriarty,"Moriarty, Liane",,"=""1250069793""","=""9781250069795""",3,3.57,Flatiron Books,Hardcover,415,2016,2016,,2017/11/29,,,read,,,,1,,,0,,,,,
17802724,The Husband's Secret,Liane Moriarty,"Moriarty, Liane",,"=""0399159347""","=""9780399159343""",3,3.94,Berkley,Hardcover,396,2013,2013,,2017/11/29,,,read,,,,1,,,0,,,,,
19486412,Big Little Lies,Liane Moriarty,"Moriarty, Liane",,"=""0399167064""","=""9780399167065""",4,4.27,Berkley,Hardcover,460,2014,2014,,2017/11/29,,,read,,,,1,,,0,,,,,
18007564,The Martian,Andy Weir,"Weir, Andy",,"=""0804139024""","=""9780804139021""",4,4.40,Crown,Hardcover,369,2014,2012,,2017/11/29,,,read,,,,1,,,0,,,,,
37435,The Secret Life of Bees,Sue Monk Kidd,"Kidd, Sue Monk",,"=""0142001740""","=""9780142001745""",5,4.04,Penguin Books,Paperback,302,2003,2001,,2017/11/29,,,read,,,,1,,,0,,,,,
853510,"Murder on the Orient Express (Hercule Poirot, #10)",Agatha Christie,"Christie, Agatha",,"=""0007119313""","=""9780007119318""",4,4.17,HarperCollins,Paperback,347,2007,1934,,2017/11/29,,,read,,,,1,,,0,,,,,
16299,And Then There Were None,Agatha Christie,"Christie, Agatha",,"=""0312330871""","=""9780312330873""",5,4.26,St. Martin's Press,Paperback,264,2004,1939,,2017/11/29,,,read,,,,1,,,0,,,,,
33413882,Miss Kopp's Midnight Confessions (Kopp Sisters #3),Amy  Stewart,"Stewart, Amy",,"=""054440999X""","=""9780544409996""",5,3.76,Houghton Mifflin Harcourt,Hardcover,374,2017,2017,,2017/11/29,,,read,,,,1,,,0,,,,,
93575,"Gaudy Night (Lord Peter Wimsey, #12)",Dorothy L. Sayers,"Sayers, Dorothy L.",,"=""0061043494""","=""9780061043499""",5,4.24,HarperTorch,Paperback,501,1995,1935,,2017/11/29,,,read,,,,1,,,0,,,,,
30555488,The Underground Railroad,Colson Whitehead,"Whitehead, Colson",,"=""0385542364""","=""9780385542364""",4,4.02,Doubleday Books,Hardcover,306,2016,2016,,2017/11/29,,,read,,,,1,,,0,,,,,
25735012,"Career of Evil (Cormoran Strike, #3)",Robert Galbraith,"Galbraith, Robert",J.K. Rowling,"=""0316349933""","=""9780316349932""",5,4.21,Mulholland Books,Hardcover,497,2015,2015,,2017/11/29,,,read,,,,1,,,0,,,,,
18214414,"The Silkworm (Cormoran Strike, #2)",Robert Galbraith,"Galbraith, Robert",J.K. Rowling,"=""0316206873""","=""9780316206877""",4,4.04,"Mulholland Books / Little, Brown and Company",Hardcover,456,2014,2014,,2017/11/29,,,read,,,,1,,,0,,,,,
15796700,Americanah,Chimamanda Ngozi Adichie,"Adichie, Chimamanda Ngozi",Jashar Awan,"=""""","=""""",4,4.30,Alfred A. Knopf,Hardcover,477,2013,2013,,2017/11/29,,,read,,,,1,,,0,,,,,
20821043,"The Secret Place (Dublin Murder Squad, #5)",Tana French,"French, Tana",Gerry O'Brien,"=""0670026328""","=""9780670026326""",4,3.85,Viking,Hardcover,452,2014,2014,,2017/11/29,,,read,,,,1,,,0,,,,,
2623,Great Expectations,Charles Dickens,"Dickens, Charles",Marisa Sestino,"=""0192833596""","=""9780192833594""",4,3.77,Oxford University Press,Paperback,505,1998,1861,,2013/02/12,,,read,,,,1,,,0,,,,,
103159,"The Forsyte Saga (The Forsyte Chronicles, #1-3)",John Galsworthy,"Galsworthy, John",,"=""0192838628""","=""9780192838629""",4,4.16,Oxford University Press,Paperback,872,1999,1921,,2012/04/13,,,read,,,,1,,,0,,,,,
9864,The Ground Beneath Her Feet,Salman Rushdie,"Rushdie, Salman",,"=""0312254997""","=""9780312254995""",4,3.79,Picador,Paperback,576,2000,1999,,2012/04/13,,,read,,,,1,,,0,,,,,
6595136,The Infinities,John Banville,"Banville, John",,"=""0307272796""","=""9780307272799""",3,3.27,Knopf Publishing Group,Hardcover,273,2010,2009,,2012/04/13,,,read,,,,1,,,0,,,,,
53835,The Age of Innocence,Edith Wharton,"Wharton, Edith",Maureen Howard,"=""159308143X""","=""9781593081430""",4,3.95,Barnes  Noble Classics,Paperback,293,2004,1920,,2012/04/13,,,read,,,,1,,,0,,,,,
85301,Unaccustomed Earth,Jhumpa Lahiri,"Lahiri, Jhumpa",,"=""0676979343""","=""9780676979343""",4,4.13,Knopf,Hardcover,352,2008,2008,,2012/04/13,,,read,,,,1,,,0,,,,,
12505,The Idiot,Fyodor Dostoyevsky,"Dostoyevsky, Fyodor","Constance Garnett, Alan Myers, Anna Brailovsky, Joseph Frank","=""0679642420""","=""9780679642428""",4,4.18,Modern Library,Paperback,667,2003,1869,,2012/04/13,,,read,,,,1,,,0,,,,,
52778,The Woman Who Walked Into Doors,Roddy Doyle,"Doyle, Roddy",,"=""0140255125""","=""9780140255126""",4,3.84,Penguin Books,Paperback,240,1997,1996,,2012/04/13,,,read,,,,1,,,0,,,,,
15957,The Patron Saint of Liars,Ann Patchett,"Patchett, Ann",,"=""1841150509""","=""9781841150505""",4,3.80,HarperCollins Publishers,Paperback,352,2003,1992,,2012/04/13,,,read,,,,1,,,0,,,,,
16055,The Magician's Assistant,Ann Patchett,"Patchett, Ann",,"=""1857028155""","=""9781857028157""",4,3.66,Fourth Estate,Paperback,357,1998,1997,,2012/04/13,,,read,,,,1,,,0,,,,,
16697,The Mysteries of Pittsburgh,Michael Chabon,"Chabon, Michael",,"=""0060790598""","=""9780060790592""",3,3.64,Harper Perennial,Paperback,320,2005,1988,,2013/02/12,,,read,,,,1,,,0,,,,,
28588073,Hag-Seed,Margaret Atwood,"Atwood, Margaret",,"=""0804141290""","=""9780804141291""",4,3.85,Hogarth Press,Hardcover,301,2016,2016,,2016/08/31,,,read,,,,1,,,0,,,,,
28214365,Commonwealth,Ann Patchett,"Patchett, Ann",,"=""0062491792""","=""9780062491794""",5,3.81,Harper,Hardcover,322,2016,2016,,2016/08/31,,,read,,,,1,,,0,,,,,
31933085,Less,Andrew Sean Greer,"Greer, Andrew Sean",,"=""0316465186""","=""9780316465182""",4,3.71,Lee Boudreaux Books,ebook,272,2017,2017,,2017/10/30,,,read,,,,1,,,0,,,,,
28251002,The Nix,Nathan  Hill,"Hill, Nathan",,"=""110194661X""","=""9781101946619""",3,4.09,Knopf,Hardcover,640,2016,2016,,2017/10/30,,,read,,,,1,,,0,,,,,
77866,Any Human Heart,William  Boyd,"Boyd, William",,"=""1400031001""","=""9781400031009""",3,4.27,Vintage,Paperback,480,2004,2002,,2017/10/30,,,read,,,,1,,,0,,,,,
78433,The Blind Assassin,Margaret Atwood,"Atwood, Margaret",,"=""""","=""""",5,3.95,Virago Press Ltd,Paperback,637,2001,2000,,2017/10/30,,,read,,,,1,,,0,,,,,
29044,The Secret History,Donna Tartt,"Tartt, Donna",,"=""1400031702""","=""9781400031702""",4,4.10,Vintage,Paperback,559,2004,1992,,2017/10/30,,,read,,,,1,,,0,,,,,
28390369,Swing Time,Zadie Smith,"Smith, Zadie",,"=""0241144159""","=""9780241144152""",4,3.56,Hamish Hamilton,Hardcover,453,2016,2016,,2017/10/30,,,read,,,,1,,,0,,,,,
27695,Nine Coaches Waiting,Mary  Stewart,"Stewart, Mary",Sandra Brown,"=""1556526180""","=""9781556526183""",4,4.03,Chicago Review Press,Paperback,342,2006,1958,,2017/10/30,,,read,,,,1,,,0,,,,,
149267,The Stand,Stephen King,"King, Stephen",Bernie Wrightson,"=""0385199570""","=""9780385199575""",5,4.34,Doubleday Books,Hardcover,1153,1990,1978,,2017/10/30,,,read,,,,1,,,0,,,,,
27833670,Dark Matter,Blake Crouch,"Crouch, Blake",,"=""1101904224""","=""9781101904220""",4,4.11,Crown,Hardcover,342,2016,2016,,2017/10/30,,,read,,,,1,,,0,,,,,
23604559,My Grandmother Asked Me to Tell You She's Sorry,Fredrik Backman,"Backman, Fredrik",Henning Koch,"=""1501115065""","=""9781501115066""",5,4.05,Atria Books,Hardcover,372,2015,2013,,2017/10/30,,,read,,,,1,,,0,,,,,
23719378,"Girl Waits with Gun (Kopp Sisters, #1)",Amy  Stewart,"Stewart, Amy",,"=""0544409914""","=""9780544409910""",4,3.76,Houghton Mifflin Harcourt,Hardcover,408,2015,2015,,2017/10/30,,,read,,,,1,,,0,,,,,
31751571,Since We Fell,Dennis Lehane,"Lehane, Dennis",,"=""0062129384""","=""9780062129383""",4,3.61,Ecco,Hardcover,419,2017,2017,,2017/10/30,,,read,,,,1,,,0,,,,,
30510,Paula Spencer,Roddy Doyle,"Doyle, Roddy",,"=""0670038164""","=""9780670038169""",4,3.79,Viking Books,Hardcover,281,2007,2006,,2012/04/13,,,read,,,,1,,,0,,,,,
38447,"The Handmaid's Tale (The Handmaid's Tale, #1)",Margaret Atwood,"Atwood, Margaret",,"=""""","=""""",4,4.11,Anchor Books,Paperback,312,1998,1985,,2013/02/12,,,read,,,,1,,,0,,,,,
5297,The Picture of Dorian Gray,Oscar Wilde,"Wilde, Oscar",Jeffrey Eugenides,"=""0375751513""","=""9780375751516""",4,4.08,Random House: Modern Library,Paperback,272,2004,1890,,2013/02/12,,,read,,,,1,,,0,,,,,
1934,Little Women,Louisa May Alcott,"Alcott, Louisa May",Lina Paulauskaitė,"=""0451529308""","=""9780451529305""",5,4.07,Signet Classics,Paperback,449,2004,1868,,2013/02/12,,,read,,,,1,,,0,,,,,
12232938,The Lovely Bones,Alice Sebold,"Sebold, Alice",,"=""0316166685""","=""9780316166683""",4,3.80,"Little, Brown and Company",Mass Market Paperback,372,2006,2002,,2013/02/12,,,read,,,,1,,,0,,,,,
9418327,Bossypants,Tina Fey,"Fey, Tina",,"=""""","=""""",4,3.96,Reagan Arthur Books,Kindle Edition,283,2011,2011,,2013/02/12,,,read,,,,1,,,0,,,,,
1953,A Tale of Two Cities,Charles Dickens,"Dickens, Charles",Richard Maxwell,"=""0141439602""","=""9780141439600""",2,3.84,Penguin Books,Paperback,489,2003,1859,,2013/02/12,,,read,,,,1,,,0,,,,,
13530981,Dear Life,Alice Munro,"Munro, Alice","Raymond Verdaguer, Mónica Naranjo Uribe","=""0771064861""","=""9780771064869""",4,3.75,Douglas Gibson Books,Hardcover,336,2012,2012,,2013/02/12,,,read,,,,1,,,0,,,,,
13537891,NW,Zadie Smith,"Smith, Zadie",,"=""0241144140""","=""9780241144145""",4,3.45,Hamish Hamilton,Hardcover,296,2012,2012,,2013/02/12,,,read,,,,1,,,0,,,,,
10756240,Telegraph Avenue,Michael Chabon,"Chabon, Michael",,"=""0061493341""","=""9780061493348""",5,3.38,HarperCollins,Hardcover,465,2012,2012,,2013/02/12,,,read,,,,1,,,0,,,,,
11713,The English Patient,Michael Ondaatje,"Ondaatje, Michael",,"=""0771068719""","=""9780771068713""",4,3.88,McClelland & Stewart,Hardcover,320,2006,1992,,2013/02/12,,,read,,,,1,,,0,,,,,
77203,The Kite Runner,Khaled Hosseini,"Hosseini, Khaled",Berliani M. Nugrahani,"=""""","=""""",4,4.29,Riverhead Books,Paperback,371,2004,2003,,2012/05/17,,,read,,,,1,,,0,,,,,
9810105,Howards End,E.M. Forster,"Forster, E.M.",Edward Petherbridge,"=""1408453185""","=""9781408453186""",4,3.96,AudioGO,Audiobook,12,2009,1910,,2012/05/17,,,read,,,,1,,,0,,,,,
80566,Run,Ann Patchett,"Patchett, Ann",,"=""0061340634""","=""9780061340635""",4,3.57,Harper,Hardcover,295,2007,2007,,2012/04/13,,,read,,,,1,,,0,,,,,
9118135,State of Wonder,Ann Patchett,"Patchett, Ann",,"=""0062049801""","=""9780062049803""",4,3.87,HarperCollins Publishers,Hardcover,353,2011,2011,,2012/04/13,,,read,,,,1,,,0,,,,,
5826,Bel Canto,Ann Patchett,"Patchett, Ann",,"=""0060838728""","=""9780060838720""",3,3.93,Harper Perennial,Paperback,352,2005,2001,,2012/04/13,,,read,,,,1,,,0,,,,,
182381,Cranford,Elizabeth Gaskell,"Gaskell, Elizabeth",Patricia Ingham,"=""0141439882""","=""9780141439884""",4,3.85,Penguin Classics,Paperback,257,2005,1853,,2012/04/13,,,read,,,,1,,,0,,,,,
156538,North and South,Elizabeth Gaskell,"Gaskell, Elizabeth",,"=""0140620192""","=""9780140620191""",4,4.14,Penguin Books,Paperback,521,1994,1855,,2012/04/13,,,read,,,,1,,,0,,,,,
33917,The Namesake,Jhumpa Lahiri,"Lahiri, Jhumpa",,"=""0618485228""","=""9780618485222""",4,3.99,Mariner Books,Paperback,291,2004,2003,,2012/04/13,,,read,,,,1,,,0,,,,,
7937843,Room,Emma Donoghue,"Donoghue, Emma",,"=""""","=""""",4,4.06,"Little, Brown and Company",Hardcover,321,2010,2010,,2012/04/13,,,read,,,,1,,,0,,,,,
257845,True Grit,Charles Portis,"Portis, Charles",,"=""1585673692""","=""9781585673698""",4,4.15,Harry N. Abrams,Paperback,224,2002,1968,,2012/04/13,,,read,,,,1,,,0,,,,,
6163,"The Border Trilogy: All the Pretty Horses, The Crossing, Cities of the Plain",Cormac McCarthy,"McCarthy, Cormac",,"=""0375407936""","=""9780375407932""",5,4.44,Everyman's Library,Hardcover,1040,1999,1994,,2012/04/13,,,read,,,,1,,,0,,,,,
347964,The Miracle Life of Edgar Mint,Brady Udall,"Udall, Brady",,"=""0375719180""","=""9780375719189""",4,3.97,Vintage,Paperback,428,2002,2001,,2012/04/13,,,read,,,,1,,,0,,,,,
6944566,The Lonely Polygamist,Brady Udall,"Udall, Brady",,"=""0393062627""","=""9780393062625""",5,3.51,W. W. Norton  Company,Hardcover,602,2010,2010,,2012/04/13,,,read,,,,1,,,0,,,,,
97782,Then We Came to the End,Joshua Ferris,"Ferris, Joshua",,"=""0316016381""","=""9780316016384""",5,3.46,"Little, Brown and Company",Hardcover,387,2007,2007,,2012/04/13,,,read,,,,1,,,0,,,,,
6422678,The Unnamed,Joshua Ferris,"Ferris, Joshua",,"=""0316034010""","=""9780316034012""",3,3.32,Reagan Arthur Books,Hardcover,310,2010,2010,,2012/04/13,,,read,,,,1,,,0,,,,,
24796,Zorro,Isabel Allende,"Allende, Isabel","Margaret Sayers Peden, محمدعلی مهمان‌نوازان","=""006078721X""","=""9780060787219""",4,3.76,HarperLargePrint,Paperback,677,2005,2005,,2012/04/13,,,read,,,,1,,,0,,,,,
16527,Daughter of Fortune,Isabel Allende,"Allende, Isabel",Margaret Sayers Peden,"=""0061120251""","=""9780061120251""",4,3.91,Harper Perennial,Paperback,432,2006,1998,,2012/04/13,,,read,,,,1,,,0,,,,,
9815,The View from Castle Rock,Alice Munro,"Munro, Alice",,"=""1400042828""","=""9781400042821""",3,3.68,Alfred A. Knopf,Hardcover,349,2006,2006,,2012/04/13,,,read,,,,1,,,0,,,,,
14280,Runaway,Alice Munro,"Munro, Alice",,"=""1400077915""","=""9781400077915""",4,3.98,Vintage Contemporaries,Paperback,335,2005,2003,,2012/04/13,,,read,,,,1,,,0,,,,,
16707,Wonder Boys,Michael Chabon,"Chabon, Michael",Hans Hermann,"=""3423124172""","=""9783423124171""",4,3.93,Dt. Taschenbuch-Verl.,,383,1998,1995,,2012/04/13,,,read,,,,1,,,0,,,,,
16703,The Yiddish Policemen's Union,Michael Chabon,"Chabon, Michael",,"=""0007149824""","=""9780007149827""",4,3.71,HarperCollins,Hardcover,414,2007,2007,,2012/04/13,,,read,,,,1,,,0,,,,,
653651,Nights at the Circus,Angela Carter,"Carter, Angela",,"=""0140077030""","=""9780140077032""",5,3.92,Penguin Books,Paperback,295,1986,1984,,2012/04/13,,,read,,,,1,,,0,,,,,
3078805,I See You Everywhere,Julia Glass,"Glass, Julia",,"=""0375422757""","=""9780375422751""",4,3.22,Pantheon,Hardcover,287,2008,2008,,2012/04/13,,,read,,,,1,,,0,,,,,
27646,The Whole World Over,Julia Glass,"Glass, Julia",,"=""0375422749""","=""9780375422744""",4,3.49,Pantheon,Hardcover,509,2006,2006,,2012/04/13,,,read,,,,1,,,0,,,,,
7857656,The Widower's Tale,Julia Glass,"Glass, Julia",,"=""030737792X""","=""9780307377920""",4,3.66,Pantheon,Hardcover,416,2010,2009,,2012/04/13,,,read,,,,1,,,0,,,,,
31244,Our Mutual Friend,Charles Dickens,"Dickens, Charles",,"=""0375761144""","=""9780375761140""",4,4.07,Modern Library,Paperback,801,2002,1865,,2012/04/13,,,read,,,,1,,,0,,,,,
325085,Nicholas Nickleby,Charles Dickens,"Dickens, Charles",Mark Ford,"=""0140435123""","=""9780140435122""",4,3.91,Penguin,Paperback,817,2003,1839,,2012/04/13,,,read,,,,1,,,0,,,,,
31250,Little Dorrit,Charles Dickens,"Dickens, Charles","Stephen J. Wall, Helen Small","=""0141439963""","=""9780141439969""",5,3.99,Penguin Classics,Paperback,1021,2003,1855,,2012/04/13,,,read,,,,1,,,0,,,,,
1885,Pride and Prejudice,Jane Austen,"Austen, Jane",Anna Quindlen,"=""""","=""""",5,4.26,Modern Library,Paperback,279,2000,1813,,2012/04/13,,,read,,,,1,,,0,,,,,
28943,Not the End of the World,Kate Atkinson,"Atkinson, Kate",,"=""0316159379""","=""9780316159371""",4,3.74,Back Bay Books,Paperback,288,2004,2002,,2012/04/13,,,read,,,,1,,,0,,,,,
41688,Human Croquet,Kate Atkinson,"Atkinson, Kate",,"=""0312186886""","=""9780312186883""",4,3.72,Picador,Paperback,352,1999,1997,,2012/04/13,,,read,,,,1,,,0,,,,,
28940,Behind the Scenes at the Museum,Kate Atkinson,"Atkinson, Kate",,"=""0312150601""","=""9780312150600""",4,3.96,Picador USA,Paperback,336,1999,1995,,2012/04/13,,,read,,,,1,,,0,,,,,
7896227,Molly Fox's Birthday,Deirdre Madden,"Madden, Deirdre",,"=""0312429541""","=""9780312429546""",4,3.43,Picador USA,Paperback,221,2010,2008,,2012/04/13,,,read,,,,1,,,0,,,,,
8109709,The Evolution of Bruno Littlemore,Benjamin Hale,"Hale, Benjamin",,"=""0446571571""","=""9780446571579""",5,3.58,Twelve,Hardcover,578,2011,2011,,2012/04/13,,,read,,,,1,,,0,,,,,
14050,The Time Traveler's Wife,Audrey Niffenegger,"Niffenegger, Audrey",,"=""0965818675""","=""9780965818674""",4,3.97,MacAdam/Cage,Paperback,528,2003,2003,,2012/04/13,,,read,,,,1,,,0,,,,,
44597,Wide Sargasso Sea,Jean Rhys,"Rhys, Jean",,"=""0140274219""","=""9780140274219""",5,3.58,Penguin Books,Paperback,160,1998,1966,,2012/04/13,,,read,,,,1,,,0,,,,,
3711,White Teeth,Zadie Smith,"Smith, Zadie",,"=""0375703861""","=""9780375703867""",4,3.77,Vintage,Paperback,448,2001,2000,,2012/04/13,,,read,,,,1,,,0,,,,,
